lat,lon,count
42.2846,-83.7471,1873
42.2846,-83.747,255
42.2847,-83.7485,2
42.2847,-83.7484,5071
42.2847,-83.7483,24223
42.2847,-83.7482,260
42.2847,-83.7476,2
42.2847,-83.7471,21354
42.2847,-83.747,4787
42.2847,-83.7466,30
42.2847,-83.7462,2
42.2848,-83.749,2
42.2848,-83.7489,7
42.2848,-83.7488,25
42.2848,-83.7487,46
42.2848,-83.7486,66
42.2848,-83.7485,91
42.2848,-83.7484,8931
42.2848,-83.7483,37867
42.2848,-83.7482,1749
42.2848,-83.7481,110
42.2848,-83.748,110
42.2848,-83.7479,21
42.2848,-83.7478,10
42.2848,-83.7477,9
42.2848,-83.7476,13
42.2848,-83.7475,31
42.2848,-83.7474,107
42.2848,-83.7473,684
42.2848,-83.7472,910
42.2848,-83.7471,15506
42.2848,-83.747,17867
42.2848,-83.7469,6105
42.2848,-83.7468,6234
42.2848,-83.7467,6553
42.2848,-83.7466,7671
42.2848,-83.7465,8877
42.2848,-83.7464,11061
42.2848,-83.7463,11764
42.2848,-83.7462,17723
42.2848,-83.7461,39454
42.2848,-83.746,50015
42.2848,-83.7459,28241
42.2848,-83.7458,25774
42.2848,-83.7457,23881
42.2848,-83.7456,10759
42.2849,-83.7495,4322
42.2849,-83.7494,12766
42.2849,-83.7493,14439
42.2849,-83.7492,16318
42.2849,-83.7491,13038
42.2849,-83.749,15740
42.2849,-83.7489,17327
42.2849,-83.7488,16523
42.2849,-83.7487,17005
42.2849,-83.7486,18892
42.2849,-83.7485,18862
42.2849,-83.7484,22142
42.2849,-83.7483,41859
42.2849,-83.7482,36970
42.2849,-83.7481,84927
42.2849,-83.748,22470
42.2849,-83.7479,3472
42.2849,-83.7478,3009
42.2849,-83.7477,3051
42.2849,-83.7476,3529
42.2849,-83.7475,3606
42.2849,-83.7474,4670
42.2849,-83.7473,9037
42.2849,-83.7472,7338
42.2849,-83.7471,9257
42.2849,-83.747,5775
42.2849,-83.7469,8337
42.2849,-83.7468,6505
42.2849,-83.7467,4162
42.2849,-83.7466,2974
42.2849,-83.7465,2255
42.2849,-83.7464,2213
42.2849,-83.7463,1362
42.2849,-83.7462,1662
42.2849,-83.7461,2770
42.2849,-83.746,2702
42.2849,-83.7459,49019
42.2849,-83.7458,57668
42.2849,-83.7457,9920
42.2849,-83.7456,3744
42.2849,-83.7455,4328
42.2849,-83.7454,150
42.2849,-83.7453,15
42.2849,-83.7452,9
42.285,-83.7497,29
42.285,-83.7496,3337
42.285,-83.7495,4415
42.285,-83.7494,2779
42.285,-83.7493,1891
42.285,-83.7492,1269
42.285,-83.7491,635
42.285,-83.749,607
42.285,-83.7489,490
42.285,-83.7488,317
42.285,-83.7487,220
42.285,-83.7486,242
42.285,-83.7485,350
42.285,-83.7484,16698
42.285,-83.7483,34986
42.285,-83.7482,12729
42.285,-83.7481,121373
42.285,-83.748,149697
42.285,-83.7479,104937
42.285,-83.7478,17441
42.285,-83.7477,1942
42.285,-83.7476,476
42.285,-83.7475,17
42.285,-83.7471,10995
42.285,-83.747,1165
42.285,-83.7468,9
42.285,-83.7467,5
42.285,-83.7459,110688
42.285,-83.7458,153579
42.285,-83.7457,1001
42.285,-83.7456,6
42.285,-83.7453,10
42.285,-83.7452,33
42.285,-83.7451,1127
42.285,-83.745,7548
42.285,-83.7449,1848
42.285,-83.7448,7
42.2851,-83.7497,20
42.2851,-83.7496,2180
42.2851,-83.7495,70
42.2851,-83.7494,1
42.2851,-83.7492,1
42.2851,-83.7486,1
42.2851,-83.7485,9
42.2851,-83.7484,18585
42.2851,-83.7483,37678
42.2851,-83.7482,1279
42.2851,-83.7481,1
42.2851,-83.748,81
42.2851,-83.7479,8159
42.2851,-83.7478,61030
42.2851,-83.7477,59916
42.2851,-83.7476,17024
42.2851,-83.7475,381
42.2851,-83.7474,18
42.2851,-83.7473,7
42.2851,-83.7471,4769
42.2851,-83.747,1403
42.2851,-83.7469,12
42.2851,-83.7459,31063
42.2851,-83.7458,70135
42.2851,-83.7457,106
42.2851,-83.7456,2
42.2851,-83.7455,2
42.2851,-83.7451,6
42.2851,-83.745,613
42.2851,-83.7449,8957
42.2851,-83.7448,1803
42.2851,-83.7447,8
42.2852,-83.7501,2
42.2852,-83.7499,4
42.2852,-83.7497,18
42.2852,-83.7496,1762
42.2852,-83.7495,103
42.2852,-83.7494,2
42.2852,-83.749,2
42.2852,-83.7485,9
42.2852,-83.7484,9847
42.2852,-83.7483,26395
42.2852,-83.7482,2042
42.2852,-83.7481,1
42.2852,-83.7479,3
42.2852,-83.7478,26
42.2852,-83.7477,2811
42.2852,-83.7476,36718
42.2852,-83.7475,38199
42.2852,-83.7474,8835
42.2852,-83.7473,276
42.2852,-83.7472,13
42.2852,-83.7471,3473
42.2852,-83.747,3099
42.2852,-83.7468,2
42.2852,-83.7464,2
42.2852,-83.7463,2
42.2852,-83.7459,7654
42.2852,-83.7458,52268
42.2852,-83.7457,164
42.2852,-83.745,2
42.2852,-83.7449,452
42.2852,-83.7448,8647
42.2852,-83.7447,795
42.2852,-83.7446,8
42.2853,-83.7502,2
42.2853,-83.7497,18
42.2853,-83.7496,1599
42.2853,-83.7495,267
42.2853,-83.7494,2
42.2853,-83.749,2
42.2853,-83.7488,2
42.2853,-83.7485,12
42.2853,-83.7484,7299
42.2853,-83.7483,21900
42.2853,-83.7482,3703
42.2853,-83.748,1
42.2853,-83.7479,2
42.2853,-83.7477,5
42.2853,-83.7476,38
42.2853,-83.7475,2973
42.2853,-83.7474,27179
42.2853,-83.7473,32461
42.2853,-83.7472,7788
42.2853,-83.7471,5257
42.2853,-83.747,8548
42.2853,-83.7469,15
42.2853,-83.7459,2264
42.2853,-83.7458,48147
42.2853,-83.7457,243
42.2853,-83.7455,4
42.2853,-83.7449,2
42.2853,-83.7448,1030
42.2853,-83.7447,8825
42.2853,-83.7446,876
42.2853,-83.7445,6
42.2854,-83.75,2
42.2854,-83.7497,24
42.2854,-83.7496,1272
42.2854,-83.7495,715
42.2854,-83.7494,4
42.2854,-83.7489,2
42.2854,-83.7485,12
42.2854,-83.7484,4950
42.2854,-83.7483,21145
42.2854,-83.7482,6046
42.2854,-83.748,1
42.2854,-83.7479,1
42.2854,-83.7475,2
42.2854,-83.7474,11
42.2854,-83.7473,1556
42.2854,-83.7472,15675
42.2854,-83.7471,28500
42.2854,-83.747,19565
42.2854,-83.7469,2676
42.2854,-83.7468,58
42.2854,-83.7467,20
42.2854,-83.7465,1
42.2854,-83.7463,2
42.2854,-83.7459,477
42.2854,-83.7458,48684
42.2854,-83.7457,346
42.2854,-83.7455,2
42.2854,-83.7454,2
42.2854,-83.7448,1
42.2854,-83.7447,1043
42.2854,-83.7446,9464
42.2854,-83.7445,1582
42.2854,-83.7444,10
42.2854,-83.744,12
42.2854,-83.7439,2
42.2855,-83.7508,2
42.2855,-83.7497,16
42.2855,-83.7496,727
42.2855,-83.7495,987
42.2855,-83.7494,5
42.2855,-83.7485,10
42.2855,-83.7484,2290
42.2855,-83.7483,17302
42.2855,-83.7482,6670
42.2855,-83.7479,1
42.2855,-83.7478,2
42.2855,-83.7472,5
42.2855,-83.7471,5897
42.2855,-83.747,10896
42.2855,-83.7469,22698
42.2855,-83.7468,20891
42.2855,-83.7467,4207
42.2855,-83.7466,71
42.2855,-83.7465,27
42.2855,-83.7464,5
42.2855,-83.7462,3
42.2855,-83.7461,5
42.2855,-83.7459,793
42.2855,-83.7458,41707
42.2855,-83.7457,462
42.2855,-83.7446,540
42.2855,-83.7445,9245
42.2855,-83.7444,1791
42.2855,-83.7443,10
42.2855,-83.744,23
42.2855,-83.7438,68
42.2855,-83.7437,160
42.2856,-83.7503,6
42.2856,-83.7498,2
42.2856,-83.7497,2
42.2856,-83.7496,418
42.2856,-83.7495,1265
42.2856,-83.7494,6
42.2856,-83.749,2
42.2856,-83.7487,5
42.2856,-83.7485,9
42.2856,-83.7484,859
42.2856,-83.7483,15797
42.2856,-83.7482,7336
42.2856,-83.7478,1
42.2856,-83.7476,4
42.2856,-83.7471,2284
42.2856,-83.747,3887
42.2856,-83.7469,41
42.2856,-83.7468,6190
42.2856,-83.7467,20478
42.2856,-83.7466,19939
42.2856,-83.7465,4134
42.2856,-83.7464,100
42.2856,-83.7463,20
42.2856,-83.7462,7
42.2856,-83.7461,12
42.2856,-83.746,4
42.2856,-83.7459,309
42.2856,-83.7458,41706
42.2856,-83.7457,584
42.2856,-83.7456,2
42.2856,-83.7451,2
42.2856,-83.7446,8
42.2856,-83.7445,805
42.2856,-83.7444,7760
42.2856,-83.7443,2107
42.2856,-83.7442,6
42.2856,-83.744,13
42.2856,-83.7439,7
42.2856,-83.7438,89
42.2856,-83.7437,2114
42.2856,-83.7436,34822
42.2856,-83.7435,64
42.2857,-83.7508,2
42.2857,-83.7503,2
42.2857,-83.75,2
42.2857,-83.7496,198
42.2857,-83.7495,1339
42.2857,-83.7494,4
42.2857,-83.7485,8
42.2857,-83.7484,275
42.2857,-83.7483,14631
42.2857,-83.7482,7104
42.2857,-83.7478,8
42.2857,-83.7477,3
42.2857,-83.7476,1
42.2857,-83.7471,748
42.2857,-83.747,3051
42.2857,-83.7468,5
42.2857,-83.7467,25
42.2857,-83.7466,3237
42.2857,-83.7465,18093
42.2857,-83.7464,19398
42.2857,-83.7463,3062
42.2857,-83.7462,1069
42.2857,-83.7461,16
42.2857,-83.746,6
42.2857,-83.7459,87
42.2857,-83.7458,39605
42.2857,-83.7457,752
42.2857,-83.7456,4
42.2857,-83.7455,2
42.2857,-83.7452,2
42.2857,-83.7445,10
42.2857,-83.7444,294
42.2857,-83.7443,8488
42.2857,-83.7442,1040
42.2857,-83.7441,8
42.2857,-83.744,15
42.2857,-83.7439,7
42.2857,-83.7438,82
42.2857,-83.7437,1176
42.2857,-83.7436,46620
42.2857,-83.7435,460
42.2857,-83.7434,38
42.2858,-83.7508,2
42.2858,-83.7507,2
42.2858,-83.7505,2
42.2858,-83.7496,127
42.2858,-83.7495,1553
42.2858,-83.7494,8
42.2858,-83.7493,10
42.2858,-83.7485,12
42.2858,-83.7484,113
42.2858,-83.7483,14678
42.2858,-83.7482,7808
42.2858,-83.7478,2
42.2858,-83.7477,2
42.2858,-83.7471,425
42.2858,-83.747,3203
42.2858,-83.7469,1
42.2858,-83.7466,6
42.2858,-83.7465,17
42.2858,-83.7464,4008
42.2858,-83.7463,14690
42.2858,-83.7462,20530
42.2858,-83.7461,6704
42.2858,-83.746,150
42.2858,-83.7459,56
42.2858,-83.7458,45811
42.2858,-83.7457,1073
42.2858,-83.7456,26
42.2858,-83.7454,6
42.2858,-83.7444,8
42.2858,-83.7443,788
42.2858,-83.7442,8755
42.2858,-83.7441,1112
42.2858,-83.744,22
42.2858,-83.7439,2
42.2858,-83.7438,57
42.2858,-83.7437,833
42.2858,-83.7436,50494
42.2858,-83.7435,823
42.2858,-83.7434,71
42.2858,-83.7433,6
42.2859,-83.7496,78
42.2859,-83.7495,1653
42.2859,-83.7493,4
42.2859,-83.7485,9
42.2859,-83.7484,60
42.2859,-83.7483,13587
42.2859,-83.7482,8289
42.2859,-83.7471,224
42.2859,-83.747,3186
42.2859,-83.7469,13
42.2859,-83.7464,7
42.2859,-83.7463,6
42.2859,-83.7462,945
42.2859,-83.7461,15798
42.2859,-83.746,19852
42.2859,-83.7459,7731
42.2859,-83.7458,50901
42.2859,-83.7457,2174
42.2859,-83.7456,153
42.2859,-83.7455,19
42.2859,-83.7454,3
42.2859,-83.7452,2
42.2859,-83.7443,6
42.2859,-83.7442,784
42.2859,-83.7441,8608
42.2859,-83.744,1204
42.2859,-83.7439,9
42.2859,-83.7438,38
42.2859,-83.7437,610
42.2859,-83.7436,49614
42.2859,-83.7435,1630
42.2859,-83.7434,44
42.2859,-83.7433,3
42.2859,-83.7432,5
42.286,-83.7496,50
42.286,-83.7495,2011
42.286,-83.7485,8
42.286,-83.7484,35
42.286,-83.7483,13569
42.286,-83.7482,9353
42.286,-83.7481,7
42.286,-83.7476,3
42.286,-83.7471,114
42.286,-83.747,3621
42.286,-83.7469,14
42.286,-83.7462,5
42.286,-83.7461,7
42.286,-83.746,579
42.286,-83.7459,13234
42.286,-83.7458,43042
42.286,-83.7457,65651
42.286,-83.7456,13311
42.286,-83.7455,441
42.286,-83.7454,80
42.286,-83.7453,14
42.286,-83.7452,1
42.286,-83.7451,2
42.286,-83.7442,2
42.286,-83.7441,804
42.286,-83.744,10175
42.286,-83.7439,1811
42.286,-83.7438,26
42.286,-83.7437,523
42.286,-83.7436,53490
42.286,-83.7435,4088
42.286,-83.7434,50
42.286,-83.7432,9
42.286,-83.743,16
42.286,-83.7429,1
42.2861,-83.7504,2
42.2861,-83.7496,24
42.2861,-83.7495,1952
42.2861,-83.7492,2
42.2861,-83.7484,16
42.2861,-83.7483,11284
42.2861,-83.7482,8303
42.2861,-83.7481,8
42.2861,-83.748,2
42.2861,-83.7477,2
42.2861,-83.7476,8
42.2861,-83.7471,80
42.2861,-83.747,2923
42.2861,-83.7469,12
42.2861,-83.7464,2
42.2861,-83.746,5
42.2861,-83.7459,6
42.2861,-83.7458,25790
42.2861,-83.7457,8512
42.2861,-83.7456,47494
42.2861,-83.7455,49561
42.2861,-83.7454,8023
42.2861,-83.7453,259
42.2861,-83.7452,74
42.2861,-83.7451,11
42.2861,-83.745,4
42.2861,-83.744,1788
42.2861,-83.7439,9417
42.2861,-83.7438,2165
42.2861,-83.7437,341
42.2861,-83.7436,41006
42.2861,-83.7435,6857
42.2861,-83.7434,53
42.2861,-83.7432,2
42.2861,-83.7431,5
42.2861,-83.743,12
42.2861,-83.7429,3
42.2862,-83.752,1
42.2862,-83.7519,5
42.2862,-83.7518,10
42.2862,-83.7517,9
42.2862,-83.7516,7
42.2862,-83.7515,7
42.2862,-83.7514,9
42.2862,-83.7513,7
42.2862,-83.7512,6
42.2862,-83.7511,1
42.2862,-83.751,8
42.2862,-83.7507,4
42.2862,-83.7496,34
42.2862,-83.7495,2849
42.2862,-83.749,2
42.2862,-83.7488,2
42.2862,-83.7485,2
42.2862,-83.7484,18
42.2862,-83.7483,11019
42.2862,-83.7482,8891
42.2862,-83.7481,55
42.2862,-83.7476,1
42.2862,-83.7471,68
42.2862,-83.747,3183
42.2862,-83.7469,13
42.2862,-83.7458,11716
42.2862,-83.7457,361
42.2862,-83.7456,107
42.2862,-83.7455,9419
42.2862,-83.7454,43607
42.2862,-83.7453,38196
42.2862,-83.7452,17700
42.2862,-83.7451,365
42.2862,-83.745,67
42.2862,-83.7449,15
42.2862,-83.7447,4
42.2862,-83.744,15
42.2862,-83.7439,1496
42.2862,-83.7438,16255
42.2862,-83.7437,34906
42.2862,-83.7436,40719
42.2862,-83.7435,12766
42.2862,-83.7434,75
42.2862,-83.7433,5
42.2862,-83.7431,10
42.2862,-83.743,14
42.2862,-83.7429,1
42.2862,-83.7427,1
42.2863,-83.7521,312
42.2863,-83.752,1373
42.2863,-83.7519,996
42.2863,-83.7518,1100
42.2863,-83.7517,1141
42.2863,-83.7516,1018
42.2863,-83.7515,1013
42.2863,-83.7514,1058
42.2863,-83.7513,908
42.2863,-83.7512,848
42.2863,-83.7511,826
42.2863,-83.751,687
42.2863,-83.7509,450
42.2863,-83.7508,368
42.2863,-83.7507,223
42.2863,-83.7506,109
42.2863,-83.7505,76
42.2863,-83.7504,13
42.2863,-83.75,2
42.2863,-83.7496,75
42.2863,-83.7495,6691
42.2863,-83.7494,3
42.2863,-83.7484,9
42.2863,-83.7483,9761
42.2863,-83.7482,9764
42.2863,-83.7481,95
42.2863,-83.7471,46
42.2863,-83.747,3261
42.2863,-83.7469,19
42.2863,-83.7459,1
42.2863,-83.7458,4339
42.2863,-83.7457,255
42.2863,-83.7456,7
42.2863,-83.7455,6
42.2863,-83.7454,60
42.2863,-83.7453,3591
42.2863,-83.7452,34342
42.2863,-83.7451,44271
42.2863,-83.745,20302
42.2863,-83.7449,495
42.2863,-83.7448,91
42.2863,-83.7447,12
42.2863,-83.7445,4
42.2863,-83.744,13
42.2863,-83.7439,3
42.2863,-83.7438,2857
42.2863,-83.7437,8454
42.2863,-83.7436,45475
42.2863,-83.7435,19486
42.2863,-83.7434,100
42.2863,-83.7433,1
42.2863,-83.7432,5
42.2863,-83.7431,13
42.2863,-83.743,14
42.2863,-83.7428,1
42.2864,-83.7521,25
42.2864,-83.752,41
42.2864,-83.7519,42
42.2864,-83.7518,57
42.2864,-83.7517,79
42.2864,-83.7516,75
42.2864,-83.7515,89
42.2864,-83.7514,108
42.2864,-83.7513,157
42.2864,-83.7512,239
42.2864,-83.7511,352
42.2864,-83.751,481
42.2864,-83.7509,566
42.2864,-83.7508,936
42.2864,-83.7507,1002
42.2864,-83.7506,1105
42.2864,-83.7505,1093
42.2864,-83.7504,1205
42.2864,-83.7503,1149
42.2864,-83.7502,1155
42.2864,-83.7501,1510
42.2864,-83.75,1042
42.2864,-83.7499,1658
42.2864,-83.7498,1385
42.2864,-83.7497,1520
42.2864,-83.7496,2143
42.2864,-83.7495,2281
42.2864,-83.7494,1500
42.2864,-83.7493,1175
42.2864,-83.7492,1145
42.2864,-83.7491,856
42.2864,-83.749,984
42.2864,-83.7489,1047
42.2864,-83.7488,993
42.2864,-83.7487,1109
42.2864,-83.7486,1538
42.2864,-83.7485,2149
42.2864,-83.7484,9184
42.2864,-83.7483,10178
42.2864,-83.7482,14557
42.2864,-83.7481,358
42.2864,-83.7475,2
42.2864,-83.7471,26
42.2864,-83.747,3741
42.2864,-83.7469,88
42.2864,-83.7458,1140
42.2864,-83.7457,3408
42.2864,-83.7456,10
42.2864,-83.7455,1
42.2864,-83.7454,8
42.2864,-83.7453,6
42.2864,-83.7452,15
42.2864,-83.7451,2539
42.2864,-83.745,26594
42.2864,-83.7449,44954
42.2864,-83.7448,33567
42.2864,-83.7447,2019
42.2864,-83.7446,143
42.2864,-83.7445,16
42.2864,-83.7444,3
42.2864,-83.7443,4
42.2864,-83.744,18
42.2864,-83.7438,32
42.2864,-83.7437,3631
42.2864,-83.7436,39337
42.2864,-83.7435,30697
42.2864,-83.7434,307
42.2864,-83.7433,6
42.2864,-83.7431,2
42.2864,-83.743,25
42.2864,-83.7429,10
42.2864,-83.7428,2
42.2865,-83.7505,1
42.2865,-83.7504,4
42.2865,-83.7503,4
42.2865,-83.7499,2
42.2865,-83.7496,2
42.2865,-83.7494,21
42.2865,-83.7493,22
42.2865,-83.7492,29
42.2865,-83.7491,30
42.2865,-83.749,35
42.2865,-83.7489,60
42.2865,-83.7488,105
42.2865,-83.7487,133
42.2865,-83.7486,193
42.2865,-83.7485,203
42.2865,-83.7484,605
42.2865,-83.7483,4683
42.2865,-83.7482,12651
42.2865,-83.7481,3782
42.2865,-83.7478,2
42.2865,-83.7476,2
42.2865,-83.7471,2
42.2865,-83.747,1886
42.2865,-83.7469,1706
42.2865,-83.7467,2
42.2865,-83.7458,9
42.2865,-83.7457,3167
42.2865,-83.7456,829
42.2865,-83.7455,1
42.2865,-83.7452,5
42.2865,-83.7451,7
42.2865,-83.745,2
42.2865,-83.7449,278
42.2865,-83.7448,15037
42.2865,-83.7447,42682
42.2865,-83.7446,34033
42.2865,-83.7445,4507
42.2865,-83.7444,139
42.2865,-83.7443,18
42.2865,-83.7442,5
42.2865,-83.7441,4
42.2865,-83.744,5
42.2865,-83.7439,9
42.2865,-83.7438,3
42.2865,-83.7437,91
42.2865,-83.7436,21114
42.2865,-83.7435,39172
42.2865,-83.7434,4866
42.2865,-83.7433,512
42.2865,-83.7432,41
42.2865,-83.7431,13
42.2865,-83.743,18
42.2865,-83.7428,6
42.2865,-83.7427,4
42.2866,-83.7524,10
42.2866,-83.7523,9
42.2866,-83.7507,2
42.2866,-83.7499,2
42.2866,-83.7484,8
42.2866,-83.7483,1030
42.2866,-83.7482,10439
42.2866,-83.7481,7334
42.2866,-83.748,31
42.2866,-83.7473,2
42.2866,-83.747,60
42.2866,-83.7469,3237
42.2866,-83.7468,121
42.2866,-83.7463,4
42.2866,-83.7457,32
42.2866,-83.7456,3440
42.2866,-83.7455,63
42.2866,-83.745,4
42.2866,-83.7449,7
42.2866,-83.7448,1
42.2866,-83.7447,190
42.2866,-83.7446,10543
42.2866,-83.7445,42939
42.2866,-83.7444,28570
42.2866,-83.7443,5991
42.2866,-83.7442,151
42.2866,-83.7441,8
42.2866,-83.7439,15
42.2866,-83.7437,38
42.2866,-83.7436,4555
42.2866,-83.7435,45398
42.2866,-83.7434,6538
42.2866,-83.7433,3307
42.2866,-83.7432,558
42.2866,-83.7431,530
42.2866,-83.743,526
42.2866,-83.7429,528
42.2866,-83.7428,469
42.2866,-83.7427,499
42.2866,-83.7426,472
42.2866,-83.7425,396
42.2866,-83.7424,492
42.2866,-83.7423,157
42.2867,-83.7525,519
42.2867,-83.7524,241
42.2867,-83.7523,10
42.2867,-83.7508,4
42.2867,-83.7502,2
42.2867,-83.7494,2
42.2867,-83.7484,8
42.2867,-83.7483,28
42.2867,-83.7482,9640
42.2867,-83.7481,9325
42.2867,-83.748,1261
42.2867,-83.7477,2
42.2867,-83.7469,1507
42.2867,-83.7468,2129
42.2867,-83.7467,1
42.2867,-83.7459,2
42.2867,-83.7458,6
42.2867,-83.7457,4
42.2867,-83.7456,731
42.2867,-83.7455,2873
42.2867,-83.7454,8
42.2867,-83.7448,6
42.2867,-83.7447,7
42.2867,-83.7445,288
42.2867,-83.7444,8859
42.2867,-83.7443,41327
42.2867,-83.7442,36046
42.2867,-83.7441,7528
42.2867,-83.744,188
42.2867,-83.7439,18
42.2867,-83.7438,3
42.2867,-83.7437,18
42.2867,-83.7436,3119
42.2867,-83.7435,30761
42.2867,-83.7434,28185
42.2867,-83.7433,1710
42.2867,-83.7432,2906
42.2867,-83.7431,71
42.2867,-83.743,2
42.2867,-83.7429,16
42.2867,-83.7425,2
42.2867,-83.7424,6
42.2867,-83.7423,2
42.2867,-83.7422,2
42.2868,-83.7525,4100
42.2868,-83.7524,460
42.2868,-83.7523,16
42.2868,-83.7511,2
42.2868,-83.7508,2
42.2868,-83.7498,2
42.2868,-83.7496,2
42.2868,-83.7486,2
42.2868,-83.7483,18
42.2868,-83.7482,3913
42.2868,-83.7481,9864
42.2868,-83.748,8362
42.2868,-83.7479,6
42.2868,-83.7469,20
42.2868,-83.7468,3562
42.2868,-83.7467,425
42.2868,-83.7461,4
42.2868,-83.7458,2
42.2868,-83.7457,2
42.2868,-83.7455,2042
42.2868,-83.7454,1834
42.2868,-83.7453,5
42.2868,-83.7451,3
42.2868,-83.7446,7
42.2868,-83.7445,10
42.2868,-83.7444,5
42.2868,-83.7443,98
42.2868,-83.7442,7879
42.2868,-83.7441,36445
42.2868,-83.744,43869
42.2868,-83.7439,15189
42.2868,-83.7438,295
42.2868,-83.7437,46
42.2868,-83.7436,3037
42.2868,-83.7435,9525
42.2868,-83.7434,53271
42.2868,-83.7433,24861
42.2868,-83.7432,7979
42.2868,-83.7431,4555
42.2868,-83.743,95
42.2868,-83.7429,24
42.2868,-83.7428,6
42.2868,-83.7423,3
42.2868,-83.7422,6
42.2868,-83.7421,3
42.2869,-83.7526,32
42.2869,-83.7525,3809
42.2869,-83.7524,281
42.2869,-83.7523,9
42.2869,-83.7503,2
42.2869,-83.7483,9
42.2869,-83.7482,122
42.2869,-83.7481,8650
42.2869,-83.748,10681
42.2869,-83.7479,185
42.2869,-83.7468,534
42.2869,-83.7467,3062
42.2869,-83.7466,20
42.2869,-83.7458,3
42.2869,-83.7457,10
42.2869,-83.7456,2
42.2869,-83.7454,2470
42.2869,-83.7453,939
42.2869,-83.7452,3
42.2869,-83.7444,5
42.2869,-83.7443,8
42.2869,-83.7442,6
42.2869,-83.7441,19
42.2869,-83.744,3454
42.2869,-83.7439,28749
42.2869,-83.7438,41900
42.2869,-83.7437,21782
42.2869,-83.7436,5942
42.2869,-83.7435,19149
42.2869,-83.7434,9400
42.2869,-83.7433,53178
42.2869,-83.7432,3832
42.2869,-83.7431,4768
42.2869,-83.743,4241
42.2869,-83.7429,110
42.2869,-83.7428,15
42.2869,-83.7427,6
42.2869,-83.7424,2
42.287,-83.7526,31
42.287,-83.7525,3839
42.287,-83.7524,236
42.287,-83.7523,8
42.287,-83.751,4
42.287,-83.7498,2
42.287,-83.7494,2
42.287,-83.7486,3
42.287,-83.7482,17
42.287,-83.7481,3131
42.287,-83.748,11218
42.287,-83.7479,4850
42.287,-83.7478,3
42.287,-83.7475,2
42.287,-83.7468,3
42.287,-83.7467,2265
42.287,-83.7466,1344
42.287,-83.7464,4
42.287,-83.7454,18
42.287,-83.7453,2691
42.287,-83.7452,745
42.287,-83.7444,4
42.287,-83.7442,4
42.287,-83.7441,10
42.287,-83.744,5
42.287,-83.7439,15
42.287,-83.7438,1575
42.287,-83.7437,22530
42.287,-83.7436,50426
42.287,-83.7435,31361
42.287,-83.7434,6882
42.287,-83.7433,17405
42.287,-83.7432,46325
42.287,-83.7431,5429
42.287,-83.743,3975
42.287,-83.7429,5276
42.287,-83.7428,184
42.287,-83.7427,47
42.287,-83.7426,7
42.287,-83.7423,8
42.287,-83.7422,7
42.287,-83.7421,8
42.287,-83.742,19
42.2871,-83.7526,30
42.2871,-83.7525,3615
42.2871,-83.7524,178
42.2871,-83.7523,5
42.2871,-83.7503,2
42.2871,-83.7491,2
42.2871,-83.7482,8
42.2871,-83.7481,102
42.2871,-83.748,9374
42.2871,-83.7479,8169
42.2871,-83.7478,41
42.2871,-83.7474,4
42.2871,-83.7467,96
42.2871,-83.7466,3163
42.2871,-83.7465,87
42.2871,-83.7459,2
42.2871,-83.7458,4
42.2871,-83.7453,37
42.2871,-83.7452,3137
42.2871,-83.7451,35
42.2871,-83.7445,2
42.2871,-83.744,9
42.2871,-83.7439,11
42.2871,-83.7438,525
42.2871,-83.7437,3159
42.2871,-83.7436,2937
42.2871,-83.7435,11626
42.2871,-83.7434,42132
42.2871,-83.7433,43349
42.2871,-83.7432,22697
42.2871,-83.7431,45616
42.2871,-83.743,11941
42.2871,-83.7429,3663
42.2871,-83.7428,6237
42.2871,-83.7427,2051
42.2871,-83.7426,96
42.2871,-83.7425,29
42.2871,-83.7424,14
42.2871,-83.7423,11
42.2871,-83.7422,104
42.2871,-83.7421,1070
42.2871,-83.742,9145
42.2871,-83.7419,9450
42.2872,-83.7526,33
42.2872,-83.7525,4148
42.2872,-83.7524,189
42.2872,-83.7483,2
42.2872,-83.7482,5
42.2872,-83.7481,16
42.2872,-83.748,6145
42.2872,-83.7479,10896
42.2872,-83.7478,2012
42.2872,-83.7477,2
42.2872,-83.7473,2
42.2872,-83.7467,1
42.2872,-83.7466,1320
42.2872,-83.7465,2326
42.2872,-83.7464,5
42.2872,-83.7461,4
42.2872,-83.7458,2
42.2872,-83.7456,2
42.2872,-83.7452,2076
42.2872,-83.7451,2544
42.2872,-83.745,8
42.2872,-83.7448,2
42.2872,-83.7446,2
42.2872,-83.7444,2
42.2872,-83.7443,4
42.2872,-83.7441,9
42.2872,-83.744,569
42.2872,-83.7439,2151
42.2872,-83.7438,2287
42.2872,-83.7437,511
42.2872,-83.7436,1
42.2872,-83.7435,5
42.2872,-83.7434,83
42.2872,-83.7433,8201
42.2872,-83.7432,36628
42.2872,-83.7431,47261
42.2872,-83.743,56324
42.2872,-83.7429,36997
42.2872,-83.7428,5899
42.2872,-83.7427,10096
42.2872,-83.7426,19271
42.2872,-83.7425,1721
42.2872,-83.7424,606
42.2872,-83.7423,5473
42.2872,-83.7422,16900
42.2872,-83.7421,23716
42.2872,-83.742,13677
42.2872,-83.7419,1899
42.2873,-83.7529,55
42.2873,-83.7528,96
42.2873,-83.7527,601
42.2873,-83.7526,534
42.2873,-83.7525,4399
42.2873,-83.7524,719
42.2873,-83.7523,84
42.2873,-83.7522,65
42.2873,-83.7521,60
42.2873,-83.752,73
42.2873,-83.7519,46
42.2873,-83.7518,48
42.2873,-83.7517,39
42.2873,-83.7516,27
42.2873,-83.7515,20
42.2873,-83.7514,16
42.2873,-83.7513,9
42.2873,-83.7507,2
42.2873,-83.7494,2
42.2873,-83.749,2
42.2873,-83.7484,2
42.2873,-83.7482,2
42.2873,-83.7481,9
42.2873,-83.748,1444
42.2873,-83.7479,9750
42.2873,-83.7478,7990
42.2873,-83.7477,13
42.2873,-83.7475,2
42.2873,-83.7468,2
42.2873,-83.7466,17
42.2873,-83.7465,3125
42.2873,-83.7464,543
42.2873,-83.7461,2
42.2873,-83.7458,2
42.2873,-83.7451,1983
42.2873,-83.745,1527
42.2873,-83.7449,8
42.2873,-83.7443,68
42.2873,-83.7442,1224
42.2873,-83.7441,1812
42.2873,-83.744,1701
42.2873,-83.7439,756
42.2873,-83.7434,2
42.2873,-83.7433,6
42.2873,-83.7432,37
42.2873,-83.7431,3550
42.2873,-83.743,29086
42.2873,-83.7429,61498
42.2873,-83.7428,59764
42.2873,-83.7427,29555
42.2873,-83.7426,15831
42.2873,-83.7425,17159
42.2873,-83.7424,24820
42.2873,-83.7423,17953
42.2873,-83.7422,6106
42.2873,-83.7421,238
42.2873,-83.742,28
42.2873,-83.7419,2
42.2874,-83.7529,1542
42.2874,-83.7528,1770
42.2874,-83.7527,4336
42.2874,-83.7526,4341
42.2874,-83.7525,5549
42.2874,-83.7524,4852
42.2874,-83.7523,3840
42.2874,-83.7522,2689
42.2874,-83.7521,2395
42.2874,-83.752,2458
42.2874,-83.7519,1917
42.2874,-83.7518,2187
42.2874,-83.7517,2428
42.2874,-83.7516,2482
42.2874,-83.7515,2502
42.2874,-83.7514,2634
42.2874,-83.7513,1046
42.2874,-83.7512,31
42.2874,-83.7511,9
42.2874,-83.7499,2
42.2874,-83.7489,2
42.2874,-83.7486,2
42.2874,-83.748,38
42.2874,-83.7479,8232
42.2874,-83.7478,12556
42.2874,-83.7477,840
42.2874,-83.7466,8
42.2874,-83.7465,446
42.2874,-83.7464,3683
42.2874,-83.7463,20
42.2874,-83.7459,2
42.2874,-83.7457,2
42.2874,-83.7451,3
42.2874,-83.745,3116
42.2874,-83.7449,712
42.2874,-83.7448,3
42.2874,-83.7447,15
42.2874,-83.7446,94
42.2874,-83.7445,1688
42.2874,-83.7444,1681
42.2874,-83.7443,1946
42.2874,-83.7442,598
42.2874,-83.7441,3
42.2874,-83.7439,289
42.2874,-83.7438,63
42.2874,-83.7435,4
42.2874,-83.7433,7
42.2874,-83.7432,11
42.2874,-83.7431,48
42.2874,-83.743,367
42.2874,-83.7429,11948
42.2874,-83.7428,47685
42.2874,-83.7427,95286
42.2874,-83.7426,84768
42.2874,-83.7425,36596
42.2874,-83.7424,6413
42.2874,-83.7423,297
42.2874,-83.7422,101
42.2874,-83.7421,33
42.2874,-83.742,27
42.2874,-83.7419,16
42.2875,-83.7525,2603
42.2875,-83.7524,33
42.2875,-83.7518,18
42.2875,-83.7517,19
42.2875,-83.7516,148
42.2875,-83.7515,25
42.2875,-83.7514,169
42.2875,-83.7513,1802
42.2875,-83.7512,2107
42.2875,-83.7511,248
42.2875,-83.751,12
42.2875,-83.7509,4
42.2875,-83.7494,2
42.2875,-83.749,1
42.2875,-83.7483,2
42.2875,-83.7481,2
42.2875,-83.748,14
42.2875,-83.7479,2277
42.2875,-83.7478,8967
42.2875,-83.7477,6375
42.2875,-83.7476,7
42.2875,-83.7475,3
42.2875,-83.7465,2
42.2875,-83.7464,2219
42.2875,-83.7463,1296
42.2875,-83.7462,4
42.2875,-83.745,66
42.2875,-83.7449,3058
42.2875,-83.7448,672
42.2875,-83.7447,5339
42.2875,-83.7446,3275
42.2875,-83.7445,798
42.2875,-83.7444,3
42.2875,-83.7439,5
42.2875,-83.7438,238
42.2875,-83.7437,7
42.2875,-83.7435,6
42.2875,-83.7434,15
42.2875,-83.7433,86
42.2875,-83.7432,4308
42.2875,-83.7431,13319
42.2875,-83.743,19669
42.2875,-83.7429,16368
42.2875,-83.7428,6585
42.2875,-83.7427,3657
42.2875,-83.7426,27587
42.2875,-83.7425,48542
42.2875,-83.7424,61785
42.2875,-83.7423,24618
42.2875,-83.7422,1619
42.2875,-83.7421,155
42.2875,-83.742,50
42.2875,-83.7419,13
42.2875,-83.7418,20
42.2875,-83.7417,14
42.2876,-83.7525,2743
42.2876,-83.7524,18
42.2876,-83.752,2
42.2876,-83.7513,3
42.2876,-83.7512,338
42.2876,-83.7511,2225
42.2876,-83.751,1285
42.2876,-83.7509,65
42.2876,-83.7508,10
42.2876,-83.7507,3
42.2876,-83.7503,2
42.2876,-83.7498,4
42.2876,-83.7482,2
42.2876,-83.748,6
42.2876,-83.7479,73
42.2876,-83.7478,8806
42.2876,-83.7477,10302
42.2876,-83.7476,122
42.2876,-83.7472,2
42.2876,-83.7464,148
42.2876,-83.7463,3600
42.2876,-83.7462,437
42.2876,-83.7458,4
42.2876,-83.7457,4
42.2876,-83.7455,4
42.2876,-83.7454,2
42.2876,-83.745,2
42.2876,-83.7449,1073
42.2876,-83.7448,7018
42.2876,-83.7447,875
42.2876,-83.7444,2
42.2876,-83.7438,101
42.2876,-83.7437,239
42.2876,-83.7436,38
42.2876,-83.7435,1493
42.2876,-83.7434,11342
42.2876,-83.7433,19030
42.2876,-83.7432,18605
42.2876,-83.7431,10122
42.2876,-83.743,3461
42.2876,-83.7429,688
42.2876,-83.7428,147
42.2876,-83.7427,40
42.2876,-83.7426,57
42.2876,-83.7425,3050
42.2876,-83.7424,33581
42.2876,-83.7423,63291
42.2876,-83.7422,56766
42.2876,-83.7421,22268
42.2876,-83.742,899
42.2876,-83.7419,124
42.2876,-83.7418,33
42.2876,-83.7417,14
42.2876,-83.7416,4
42.2877,-83.7527,2
42.2877,-83.7525,2670
42.2877,-83.7524,8
42.2877,-83.7511,43
42.2877,-83.751,959
42.2877,-83.7509,1634
42.2877,-83.7508,1060
42.2877,-83.7507,46
42.2877,-83.7506,8
42.2877,-83.7505,2
42.2877,-83.7501,4
42.2877,-83.7487,6
42.2877,-83.7485,4
42.2877,-83.7484,6
42.2877,-83.7479,24
42.2877,-83.7478,4025
42.2877,-83.7477,10844
42.2877,-83.7476,5120
42.2877,-83.7475,1
42.2877,-83.7464,1
42.2877,-83.7463,786
42.2877,-83.7462,3725
42.2877,-83.7461,14
42.2877,-83.7457,6
42.2877,-83.7451,2
42.2877,-83.7448,4232
42.2877,-83.7447,4894
42.2877,-83.7446,543
42.2877,-83.744,3
42.2877,-83.7439,11
42.2877,-83.7438,382
42.2877,-83.7437,9299
42.2877,-83.7436,17248
42.2877,-83.7435,18461
42.2877,-83.7434,12294
42.2877,-83.7433,6699
42.2877,-83.7432,671
42.2877,-83.7431,146
42.2877,-83.743,49
42.2877,-83.7429,4
42.2877,-83.7426,22
42.2877,-83.7425,25
42.2877,-83.7424,57
42.2877,-83.7423,5298
42.2877,-83.7422,34746
42.2877,-83.7421,70076
42.2877,-83.742,52034
42.2877,-83.7419,16944
42.2877,-83.7418,659
42.2877,-83.7417,97
42.2877,-83.7416,15
42.2878,-83.7526,3
42.2878,-83.7525,2931
42.2878,-83.7524,8
42.2878,-83.7511,8
42.2878,-83.751,73
42.2878,-83.7509,246
42.2878,-83.7508,1065
42.2878,-83.7507,1795
42.2878,-83.7506,835
42.2878,-83.7505,43
42.2878,-83.7504,9
42.2878,-83.7503,2
42.2878,-83.7502,2
42.2878,-83.7479,11
42.2878,-83.7478,390
42.2878,-83.7477,10510
42.2878,-83.7476,11727
42.2878,-83.7475,39
42.2878,-83.7465,2
42.2878,-83.7463,17
42.2878,-83.7462,3401
42.2878,-83.7461,3820
42.2878,-83.7459,2
42.2878,-83.7456,2
42.2878,-83.7455,6
42.2878,-83.7453,2
42.2878,-83.745,2
42.2878,-83.7448,92
42.2878,-83.7447,6248
42.2878,-83.7446,3362
42.2878,-83.7445,1
42.2878,-83.7443,1
42.2878,-83.7442,11
42.2878,-83.7441,237
42.2878,-83.744,9202
42.2878,-83.7439,15393
42.2878,-83.7438,24267
42.2878,-83.7437,14196
42.2878,-83.7436,8856
42.2878,-83.7435,1252
42.2878,-83.7434,211
42.2878,-83.7433,58
42.2878,-83.7432,3
42.2878,-83.7429,2
42.2878,-83.7426,6
42.2878,-83.7424,12
42.2878,-83.7423,37
42.2878,-83.7422,68
42.2878,-83.7421,7936
42.2878,-83.742,39927
42.2878,-83.7419,70419
42.2878,-83.7418,57439
42.2878,-83.7417,22180
42.2878,-83.7416,823
42.2878,-83.7415,66
42.2879,-83.7526,15
42.2879,-83.7525,2592
42.2879,-83.7524,8
42.2879,-83.7521,2
42.2879,-83.751,33
42.2879,-83.7509,156
42.2879,-83.7508,14
42.2879,-83.7507,68
42.2879,-83.7506,1026
42.2879,-83.7505,1676
42.2879,-83.7504,474
42.2879,-83.7503,13
42.2879,-83.7502,5
42.2879,-83.7479,6
42.2879,-83.7478,23
42.2879,-83.7477,5253
42.2879,-83.7476,13353
42.2879,-83.7475,2585
42.2879,-83.7462,223
42.2879,-83.7461,8730
42.2879,-83.746,267
42.2879,-83.7456,2
42.2879,-83.7455,2
42.2879,-83.7447,567
42.2879,-83.7446,13560
42.2879,-83.7445,11789
42.2879,-83.7444,59
42.2879,-83.7443,4931
42.2879,-83.7442,14192
42.2879,-83.7441,21906
42.2879,-83.744,17054
42.2879,-83.7439,8926
42.2879,-83.7438,1467
42.2879,-83.7437,219
42.2879,-83.7436,638
42.2879,-83.7435,315
42.2879,-83.7434,617
42.2879,-83.7422,10
42.2879,-83.7421,38
42.2879,-83.742,38
42.2879,-83.7419,5459
42.2879,-83.7418,34077
42.2879,-83.7417,68615
42.2879,-83.7416,45392
42.2879,-83.7415,20796
42.288,-83.7526,21
42.288,-83.7525,2372
42.288,-83.7524,7
42.288,-83.752,2
42.288,-83.751,38
42.288,-83.7509,105
42.288,-83.7506,3
42.288,-83.7505,137
42.288,-83.7504,1492
42.288,-83.7503,1255
42.288,-83.7502,89
42.288,-83.7501,4
42.288,-83.7486,2
42.288,-83.7478,14
42.288,-83.7477,975
42.288,-83.7476,9945
42.288,-83.7475,11046
42.288,-83.7474,15
42.288,-83.7464,28
42.288,-83.7463,417
42.288,-83.7462,6382
42.288,-83.7461,9174
42.288,-83.746,1779
42.288,-83.7459,6
42.288,-83.7457,3
42.288,-83.7455,4
42.288,-83.7447,18
42.288,-83.7446,3334
42.288,-83.7445,24089
42.288,-83.7444,21252
42.288,-83.7443,27686
42.288,-83.7442,12001
42.288,-83.7441,3449
42.288,-83.744,189
42.288,-83.7439,103
42.288,-83.7438,62
42.288,-83.7437,21
42.288,-83.7436,2
42.288,-83.7428,4
42.288,-83.7423,3
42.288,-83.742,20
42.288,-83.7419,29
42.288,-83.7418,51
42.288,-83.7417,8149
42.288,-83.7416,30931
42.288,-83.7415,63551
42.288,-83.7414,3364
42.2881,-83.7526,38
42.2881,-83.7525,2578
42.2881,-83.7524,8
42.2881,-83.7515,2
42.2881,-83.7514,2
42.2881,-83.7512,2
42.2881,-83.7511,2
42.2881,-83.751,231
42.2881,-83.7509,117
42.2881,-83.7508,2
42.2881,-83.7504,15
42.2881,-83.7503,608
42.2881,-83.7502,1770
42.2881,-83.7501,878
42.2881,-83.75,23
42.2881,-83.7484,2
42.2881,-83.7478,4
42.2881,-83.7477,36
42.2881,-83.7476,8492
42.2881,-83.7475,16233
42.2881,-83.7474,718
42.2881,-83.7466,80
42.2881,-83.7465,1295
42.2881,-83.7464,8857
42.2881,-83.7463,8612
42.2881,-83.7462,9208
42.2881,-83.7461,6027
42.2881,-83.746,14654
42.2881,-83.7459,829
42.2881,-83.7457,4
42.2881,-83.7455,4
42.2881,-83.7454,4
42.2881,-83.745,2
42.2881,-83.7449,136
42.2881,-83.7448,7911
42.2881,-83.7447,15127
42.2881,-83.7446,23337
42.2881,-83.7445,15761
42.2881,-83.7444,7601
42.2881,-83.7443,1443
42.2881,-83.7442,149
42.2881,-83.7441,81
42.2881,-83.744,54
42.2881,-83.7439,2
42.2881,-83.742,10
42.2881,-83.7419,49
42.2881,-83.7418,22
42.2881,-83.7417,30
42.2881,-83.7416,103
42.2881,-83.7415,11194
42.2881,-83.7414,8273
42.2882,-83.7526,53
42.2882,-83.7525,2893
42.2882,-83.7524,8
42.2882,-83.7519,2
42.2882,-83.7513,2
42.2882,-83.751,65
42.2882,-83.7509,126
42.2882,-83.7504,2
42.2882,-83.7503,1
42.2882,-83.7502,30
42.2882,-83.7501,1222
42.2882,-83.75,1640
42.2882,-83.7499,912
42.2882,-83.7498,24
42.2882,-83.7485,2
42.2882,-83.748,4
42.2882,-83.7477,18
42.2882,-83.7476,3850
42.2882,-83.7475,15730
42.2882,-83.7474,13670
42.2882,-83.7473,12
42.2882,-83.7469,40
42.2882,-83.7468,1079
42.2882,-83.7467,8121
42.2882,-83.7466,8607
42.2882,-83.7465,6996
42.2882,-83.7464,1332
42.2882,-83.7463,47
42.2882,-83.7462,8
42.2882,-83.7461,6
42.2882,-83.746,4189
42.2882,-83.7459,7870
42.2882,-83.7458,179
42.2882,-83.7455,2
42.2882,-83.7453,4
42.2882,-83.7452,163
42.2882,-83.7451,7083
42.2882,-83.745,14316
42.2882,-83.7449,23056
42.2882,-83.7448,21832
42.2882,-83.7447,11998
42.2882,-83.7446,2534
42.2882,-83.7445,94
42.2882,-83.7444,10
42.2882,-83.7428,6
42.2882,-83.7423,2
42.2882,-83.7419,27
42.2882,-83.7418,2
42.2882,-83.7417,11
42.2882,-83.7416,20
42.2882,-83.7415,28
42.2882,-83.7414,27
42.2883,-83.7526,73
42.2883,-83.7525,2633
42.2883,-83.7524,8
42.2883,-83.7511,3
42.2883,-83.751,42
42.2883,-83.7509,100
42.2883,-83.7501,4
42.2883,-83.75,55
42.2883,-83.7499,1286
42.2883,-83.7498,1880
42.2883,-83.7497,686
42.2883,-83.7496,39
42.2883,-83.7477,33
42.2883,-83.7476,132
42.2883,-83.7475,10402
42.2883,-83.7474,27194
42.2883,-83.7473,138
42.2883,-83.7472,7
42.2883,-83.7471,528
42.2883,-83.747,5046
42.2883,-83.7469,11266
42.2883,-83.7468,9112
42.2883,-83.7467,2041
42.2883,-83.7466,43
42.2883,-83.7465,1
42.2883,-83.7464,32
42.2883,-83.7463,12
42.2883,-83.746,9
42.2883,-83.7459,5577
42.2883,-83.7458,6374
42.2883,-83.7457,8
42.2883,-83.7456,5
42.2883,-83.7455,127
42.2883,-83.7454,5611
42.2883,-83.7453,11822
42.2883,-83.7452,23695
42.2883,-83.7451,22335
42.2883,-83.745,11896
42.2883,-83.7449,2822
42.2883,-83.7448,106
42.2883,-83.7447,7
42.2883,-83.7443,2
42.2883,-83.7429,4
42.2883,-83.7421,2
42.2883,-83.7416,2
42.2883,-83.7415,3
42.2883,-83.7414,10
42.2884,-83.7526,89
42.2884,-83.7525,2673
42.2884,-83.7524,8
42.2884,-83.7518,4
42.2884,-83.751,41
42.2884,-83.7509,114
42.2884,-83.7505,2
42.2884,-83.7499,2
42.2884,-83.7498,110
42.2884,-83.7497,1355
42.2884,-83.7496,2148
42.2884,-83.7495,921
42.2884,-83.7494,37
42.2884,-83.7486,5
42.2884,-83.7476,25
42.2884,-83.7475,6601
42.2884,-83.7474,16017
42.2884,-83.7473,7317
42.2884,-83.7472,39844
42.2884,-83.7471,26621
42.2884,-83.747,10058
42.2884,-83.7469,200
42.2884,-83.7468,2
42.2884,-83.7467,23
42.2884,-83.7463,34
42.2884,-83.7459,384
42.2884,-83.7458,15759
42.2884,-83.7457,10342
42.2884,-83.7456,16023
42.2884,-83.7455,25603
42.2884,-83.7454,24170
42.2884,-83.7453,13906
42.2884,-83.7452,7308
42.2884,-83.7451,169
42.2884,-83.745,14
42.2884,-83.7434,2
42.2884,-83.7415,10
42.2884,-83.7414,10
42.2885,-83.7526,153
42.2885,-83.7525,2572
42.2885,-83.7524,8
42.2885,-83.752,4
42.2885,-83.751,45
42.2885,-83.7509,87
42.2885,-83.7496,64
42.2885,-83.7495,1362
42.2885,-83.7494,2234
42.2885,-83.7493,337
42.2885,-83.7484,4
42.2885,-83.748,14
42.2885,-83.7479,122
42.2885,-83.7478,2843
42.2885,-83.7477,22472
42.2885,-83.7476,76878
42.2885,-83.7475,24576
42.2885,-83.7474,22903
42.2885,-83.7473,15948
42.2885,-83.7472,7106
42.2885,-83.7471,370
42.2885,-83.7467,2
42.2885,-83.7463,6
42.2885,-83.7462,60
42.2885,-83.746,260
42.2885,-83.7459,7319
42.2885,-83.7458,14091
42.2885,-83.7457,25224
42.2885,-83.7456,20693
42.2885,-83.7455,8855
42.2885,-83.7454,954
42.2885,-83.7453,36
42.2885,-83.7439,2
42.2885,-83.7414,6
42.2885,-83.7413,6
42.2886,-83.7527,2
42.2886,-83.7526,207
42.2886,-83.7525,2930
42.2886,-83.7524,9
42.2886,-83.7511,2
42.2886,-83.751,58
42.2886,-83.7509,81
42.2886,-83.7507,4
42.2886,-83.7501,2
42.2886,-83.7497,2
42.2886,-83.7494,372
42.2886,-83.7493,4047
42.2886,-83.7492,1211
42.2886,-83.7488,3
42.2886,-83.7485,8
42.2886,-83.7484,48
42.2886,-83.7483,776
42.2886,-83.7482,4654
42.2886,-83.7481,9862
42.2886,-83.748,19135
42.2886,-83.7479,24777
42.2886,-83.7478,29519
42.2886,-83.7477,28406
42.2886,-83.7476,8672
42.2886,-83.7475,3990
42.2886,-83.7474,36680
42.2886,-83.7473,29513
42.2886,-83.7472,63
42.2886,-83.7465,4
42.2886,-83.7463,49
42.2886,-83.7462,4120
42.2886,-83.7461,12273
42.2886,-83.746,19028
42.2886,-83.7459,21696
42.2886,-83.7458,14968
42.2886,-83.7457,2719
42.2886,-83.7456,445
42.2886,-83.7455,6
42.2886,-83.7449,8
42.2886,-83.7429,2
42.2886,-83.7427,2
42.2887,-83.7526,363
42.2887,-83.7525,3223
42.2887,-83.7524,9
42.2887,-83.7511,2
42.2887,-83.751,93
42.2887,-83.7509,65
42.2887,-83.7493,81
42.2887,-83.7492,4089
42.2887,-83.7491,4512
42.2887,-83.749,76
42.2887,-83.7489,21
42.2887,-83.7488,254
42.2887,-83.7487,3121
42.2887,-83.7486,7072
42.2887,-83.7485,10444
42.2887,-83.7484,13437
42.2887,-83.7483,14709
42.2887,-83.7482,9517
42.2887,-83.7481,3716
42.2887,-83.748,1932
42.2887,-83.7479,148
42.2887,-83.7478,42
42.2887,-83.7477,29
42.2887,-83.7476,13
42.2887,-83.7475,29
42.2887,-83.7474,33556
42.2887,-83.7473,44324
42.2887,-83.7472,2085
42.2887,-83.7466,14
42.2887,-83.7465,2523
42.2887,-83.7464,12261
42.2887,-83.7463,16323
42.2887,-83.7462,28321
42.2887,-83.7461,20368
42.2887,-83.746,8859
42.2887,-83.7459,1081
42.2887,-83.7458,43
42.2887,-83.7455,2
42.2887,-83.7454,4
42.2887,-83.7451,7
42.2887,-83.7445,2
42.2887,-83.7426,2
42.2888,-83.7534,2
42.2888,-83.7533,7
42.2888,-83.7532,17
42.2888,-83.7531,9
42.2888,-83.753,3
42.2888,-83.7526,672
42.2888,-83.7525,5195
42.2888,-83.7524,15
42.2888,-83.751,183
42.2888,-83.7509,65
42.2888,-83.75,2
42.2888,-83.7499,2
42.2888,-83.7495,5
42.2888,-83.7494,8
42.2888,-83.7493,190
42.2888,-83.7492,2286
42.2888,-83.7491,8395
42.2888,-83.749,14692
42.2888,-83.7489,16510
42.2888,-83.7488,13347
42.2888,-83.7487,11111
42.2888,-83.7486,5754
42.2888,-83.7485,1696
42.2888,-83.7484,195
42.2888,-83.7483,44
42.2888,-83.7482,24
42.2888,-83.7481,14
42.2888,-83.7476,19
42.2888,-83.7475,25
42.2888,-83.7474,18562
42.2888,-83.7473,40240
42.2888,-83.7472,39335
42.2888,-83.7471,33
42.2888,-83.7469,64
42.2888,-83.7468,4587
42.2888,-83.7467,13170
42.2888,-83.7466,23951
42.2888,-83.7465,29515
42.2888,-83.7464,17747
42.2888,-83.7463,9223
42.2888,-83.7462,1262
42.2888,-83.7461,316
42.2888,-83.746,4
42.2888,-83.7459,6
42.2888,-83.7457,2
42.2888,-83.7455,4
42.2888,-83.7446,2
42.2888,-83.7435,4
42.2889,-83.7534,49
42.2889,-83.7533,52
42.2889,-83.7532,51
42.2889,-83.7531,57
42.2889,-83.753,75
42.2889,-83.7529,118
42.2889,-83.7528,174
42.2889,-83.7527,192
42.2889,-83.7526,1019
42.2889,-83.7525,8656
42.2889,-83.7524,77
42.2889,-83.7523,50
42.2889,-83.7522,52
42.2889,-83.7521,43
42.2889,-83.752,43
42.2889,-83.7519,30
42.2889,-83.7518,33
42.2889,-83.7517,27
42.2889,-83.7516,18
42.2889,-83.7515,21
42.2889,-83.7514,22
42.2889,-83.7513,16
42.2889,-83.7512,14
42.2889,-83.7511,11
42.2889,-83.751,179
42.2889,-83.7509,82
42.2889,-83.7508,1
42.2889,-83.7506,2
42.2889,-83.7501,5
42.2889,-83.75,10
42.2889,-83.7499,17
42.2889,-83.7498,27
42.2889,-83.7497,276
42.2889,-83.7496,2193
42.2889,-83.7495,5243
42.2889,-83.7494,6979
42.2889,-83.7493,7241
42.2889,-83.7492,6400
42.2889,-83.7491,2706
42.2889,-83.749,6643
42.2889,-83.7489,584
42.2889,-83.7488,25
42.2889,-83.7487,16
42.2889,-83.7486,16
42.2889,-83.7484,2
42.2889,-83.7479,4
42.2889,-83.7476,5
42.2889,-83.7475,25
42.2889,-83.7474,4641
42.2889,-83.7473,21229
42.2889,-83.7472,17815
42.2889,-83.7471,9691
42.2889,-83.747,17772
42.2889,-83.7469,23669
42.2889,-83.7468,34797
42.2889,-83.7467,27230
42.2889,-83.7466,12416
42.2889,-83.7465,1519
42.2889,-83.7464,113
42.2889,-83.7463,27
42.2889,-83.7452,2
42.2889,-83.7426,2
42.289,-83.7534,1962
42.289,-83.7533,3345
42.289,-83.7532,3822
42.289,-83.7531,3804
42.289,-83.753,3944
42.289,-83.7529,4796
42.289,-83.7528,4678
42.289,-83.7527,9484
42.289,-83.7526,6783
42.289,-83.7525,11614
42.289,-83.7524,15339
42.289,-83.7523,8511
42.289,-83.7522,6714
42.289,-83.7521,5779
42.289,-83.752,5805
42.289,-83.7519,4349
42.289,-83.7518,4991
42.289,-83.7517,5202
42.289,-83.7516,4760
42.289,-83.7515,4598
42.289,-83.7514,4743
42.289,-83.7513,4108
42.289,-83.7512,3926
42.289,-83.7511,4003
42.289,-83.751,3521
42.289,-83.7509,3295
42.289,-83.7508,4255
42.289,-83.7507,3515
42.289,-83.7506,3264
42.289,-83.7505,3068
42.289,-83.7504,3131
42.289,-83.7503,2957
42.289,-83.7502,3287
42.289,-83.7501,4234
42.289,-83.75,4528
42.289,-83.7499,10315
42.289,-83.7498,6780
42.289,-83.7497,6323
42.289,-83.7496,5244
42.289,-83.7495,1653
42.289,-83.7494,175
42.289,-83.7493,47
42.289,-83.7492,42
42.289,-83.7491,31
42.289,-83.749,2498
42.289,-83.7489,1606
42.289,-83.7486,4
42.289,-83.748,6
42.289,-83.7475,17
42.289,-83.7474,212
42.289,-83.7473,16535
42.289,-83.7472,25534
42.289,-83.7471,68167
42.289,-83.747,72320
42.289,-83.7469,31324
42.289,-83.7468,5238
42.289,-83.7467,146
42.289,-83.7466,39
42.289,-83.7458,2
42.289,-83.7455,4
42.2891,-83.7534,19
42.2891,-83.7533,34
42.2891,-83.7532,36
42.2891,-83.7531,32
42.2891,-83.753,45
42.2891,-83.7529,55
42.2891,-83.7528,62
42.2891,-83.7527,112
42.2891,-83.7526,4565
42.2891,-83.7525,5135
42.2891,-83.7524,263
42.2891,-83.7523,182
42.2891,-83.7522,138
42.2891,-83.7521,163
42.2891,-83.752,174
42.2891,-83.7519,149
42.2891,-83.7518,222
42.2891,-83.7517,257
42.2891,-83.7516,299
42.2891,-83.7515,422
42.2891,-83.7514,671
42.2891,-83.7513,919
42.2891,-83.7512,1290
42.2891,-83.7511,1531
42.2891,-83.751,5572
42.2891,-83.7509,2375
42.2891,-83.7508,2554
42.2891,-83.7507,2509
42.2891,-83.7506,2660
42.2891,-83.7505,2828
42.2891,-83.7504,3253
42.2891,-83.7503,3037
42.2891,-83.7502,2976
42.2891,-83.7501,2315
42.2891,-83.75,681
42.2891,-83.7499,128
42.2891,-83.7498,30
42.2891,-83.7497,109
42.2891,-83.7496,108
42.2891,-83.7495,86
42.2891,-83.7494,8
42.2891,-83.749,39
42.2891,-83.7489,2448
42.2891,-83.7488,192
42.2891,-83.7475,22
42.2891,-83.7474,56
42.2891,-83.7473,17314
42.2891,-83.7472,54744
42.2891,-83.7471,22660
42.2891,-83.747,788
42.2891,-83.7469,19
42.2892,-83.7534,10
42.2892,-83.7533,20
42.2892,-83.7532,44
42.2892,-83.7531,56
42.2892,-83.753,38
42.2892,-83.7529,30
42.2892,-83.7528,16
42.2892,-83.7527,18
42.2892,-83.7526,4260
42.2892,-83.7525,2638
42.2892,-83.7524,18
42.2892,-83.7523,14
42.2892,-83.7522,14
42.2892,-83.7521,14
42.2892,-83.752,16
42.2892,-83.7519,12
42.2892,-83.7518,16
42.2892,-83.7517,16
42.2892,-83.7516,14
42.2892,-83.7515,18
42.2892,-83.7514,16
42.2892,-83.7513,14
42.2892,-83.7512,16
42.2892,-83.7511,16
42.2892,-83.751,4235
42.2892,-83.7509,12
42.2892,-83.7508,14
42.2892,-83.7507,4
42.2892,-83.7506,2
42.2892,-83.7505,6
42.2892,-83.7504,16
42.2892,-83.7503,14
42.2892,-83.7502,14
42.2892,-83.7501,16
42.2892,-83.75,12
42.2892,-83.7499,16
42.2892,-83.7497,3
42.2892,-83.7496,30
42.2892,-83.7495,73
42.2892,-83.7489,353
42.2892,-83.7488,2127
42.2892,-83.7487,224
42.2892,-83.7484,4
42.2892,-83.7475,27
42.2892,-83.7474,19
42.2892,-83.7473,21336
42.2892,-83.7472,90571
42.2892,-83.7471,24895
42.2892,-83.747,61
42.2892,-83.7466,4
42.2892,-83.7457,2
42.2892,-83.7456,2
42.2892,-83.7455,2
42.2892,-83.7453,2
42.2892,-83.7414,4
42.2893,-83.7534,5
42.2893,-83.7533,7
42.2893,-83.7532,8
42.2893,-83.7526,3207
42.2893,-83.7525,1496
42.2893,-83.7511,3
42.2893,-83.751,1360
42.2893,-83.7508,2
42.2893,-83.7507,14
42.2893,-83.7506,16
42.2893,-83.7505,8
42.2893,-83.7502,2
42.2893,-83.7501,2
42.2893,-83.7496,18
42.2893,-83.7495,65
42.2893,-83.7488,246
42.2893,-83.7487,1795
42.2893,-83.7486,241
42.2893,-83.7476,2
42.2893,-83.7475,18
42.2893,-83.7474,13
42.2893,-83.7473,5015
42.2893,-83.7472,36197
42.2893,-83.7471,42778
42.2893,-83.747,427
42.2893,-83.7469,11
42.2893,-83.7458,2
42.2893,-83.7457,2
42.2894,-83.7526,2984
42.2894,-83.7525,891
42.2894,-83.7523,2
42.2894,-83.7522,2
42.2894,-83.7511,2
42.2894,-83.751,1045
42.2894,-83.7501,20
42.2894,-83.7496,16
42.2894,-83.7495,55
42.2894,-83.7493,2
42.2894,-83.7487,209
42.2894,-83.7486,1705
42.2894,-83.7485,101
42.2894,-83.7479,4
42.2894,-83.7475,8
42.2894,-83.7474,12
42.2894,-83.7473,114
42.2894,-83.7472,15483
42.2894,-83.7471,43986
42.2894,-83.747,4982
42.2894,-83.7469,9
42.2894,-83.7457,4
42.2894,-83.7418,4
42.2894,-83.7415,4
42.2895,-83.7526,3257
42.2895,-83.7525,682
42.2895,-83.7524,6
42.2895,-83.751,1022
42.2895,-83.7496,18
42.2895,-83.7495,61
42.2895,-83.7486,328
42.2895,-83.7485,1662
42.2895,-83.7484,109
42.2895,-83.7475,3
42.2895,-83.7474,16
42.2895,-83.7473,51
42.2895,-83.7472,7511
42.2895,-83.7471,46024
42.2895,-83.747,11872
42.2895,-83.7469,9
42.2895,-83.7463,4
42.2895,-83.7448,4
42.2895,-83.7437,4
42.2895,-83.7431,8
42.2895,-83.7427,2
42.2895,-83.7426,4
42.2896,-83.7533,2
42.2896,-83.7529,2
42.2896,-83.7526,3664
42.2896,-83.7525,476
42.2896,-83.752,4
42.2896,-83.751,1103
42.2896,-83.7509,2
42.2896,-83.7496,20
42.2896,-83.7495,66
42.2896,-83.7494,4
42.2896,-83.7485,295
42.2896,-83.7484,1790
42.2896,-83.7483,233
42.2896,-83.7474,16
42.2896,-83.7473,50
42.2896,-83.7472,2902
42.2896,-83.7471,36549
42.2896,-83.747,17736
42.2896,-83.7469,71
42.2896,-83.7468,2
42.2896,-83.7462,2
42.2896,-83.7458,2
42.2897,-83.753,2
42.2897,-83.7529,4
42.2897,-83.7526,3293
42.2897,-83.7525,254
42.2897,-83.7514,2
42.2897,-83.7512,2
42.2897,-83.751,970
42.2897,-83.7504,2
42.2897,-83.7503,4
42.2897,-83.7502,3
42.2897,-83.7496,19
42.2897,-83.7495,62
42.2897,-83.7493,4
42.2897,-83.7485,2
42.2897,-83.7484,158
42.2897,-83.7483,1764
42.2897,-83.7482,107
42.2897,-83.7474,11
42.2897,-83.7473,25
42.2897,-83.7472,244
42.2897,-83.7471,25104
42.2897,-83.747,20738
42.2897,-83.7469,267
42.2897,-83.7467,2
42.2897,-83.7461,4
42.2897,-83.7455,2
42.2897,-83.7451,6
42.2897,-83.7446,6
42.2897,-83.7436,6
42.2897,-83.743,6
42.2897,-83.7428,12
42.2897,-83.7425,6
42.2897,-83.7422,8
42.2897,-83.7415,4
42.2897,-83.7414,2
42.2898,-83.7526,3275
42.2898,-83.7525,162
42.2898,-83.751,943
42.2898,-83.7507,4
42.2898,-83.7506,4
42.2898,-83.7504,2
42.2898,-83.7499,8
42.2898,-83.7496,18
42.2898,-83.7495,67
42.2898,-83.7488,4
42.2898,-83.7483,241
42.2898,-83.7482,1728
42.2898,-83.7481,61
42.2898,-83.7474,6
42.2898,-83.7473,28
42.2898,-83.7472,51
42.2898,-83.7471,16902
42.2898,-83.747,25242
42.2898,-83.7469,1153
42.2898,-83.745,2
42.2898,-83.7443,4
42.2898,-83.7438,4
42.2898,-83.7433,16
42.2898,-83.7419,2
42.2898,-83.7414,4
42.2899,-83.7526,2962
42.2899,-83.7525,98
42.2899,-83.751,890
42.2899,-83.7506,2
42.2899,-83.7496,20
42.2899,-83.7495,66
42.2899,-83.7489,2
42.2899,-83.7483,1
42.2899,-83.7482,271
42.2899,-83.7481,1519
42.2899,-83.748,76
42.2899,-83.7474,3
42.2899,-83.7473,18
42.2899,-83.7472,36
42.2899,-83.7471,12114
42.2899,-83.747,24335
42.2899,-83.7469,1854
42.2899,-83.7467,4
42.2899,-83.7459,4
42.2899,-83.7458,4
42.2899,-83.7455,2
42.2899,-83.7454,4
42.2899,-83.7449,4
42.2899,-83.7448,8
42.2899,-83.7443,4
42.2899,-83.7419,4
42.29,-83.7526,3137
42.29,-83.7525,181
42.29,-83.7516,2
42.29,-83.7511,4
42.29,-83.751,951
42.29,-83.7504,2
42.29,-83.7496,24
42.29,-83.7495,106
42.29,-83.7493,2
42.29,-83.7484,8
42.29,-83.7482,4
42.29,-83.7481,288
42.29,-83.748,1724
42.29,-83.7479,14
42.29,-83.7473,6
42.29,-83.7472,56
42.29,-83.7471,10986
42.29,-83.747,25756
42.29,-83.7469,2487
42.29,-83.7464,4
42.29,-83.7458,4
42.29,-83.7456,2
42.29,-83.7454,2
42.29,-83.7426,2
42.29,-83.7419,6
42.2901,-83.7526,3425
42.2901,-83.7525,106
42.2901,-83.751,1060
42.2901,-83.7509,66
42.2901,-83.7508,50
42.2901,-83.7507,34
42.2901,-83.7506,28
42.2901,-83.7505,22
42.2901,-83.7504,22
42.2901,-83.7503,22
42.2901,-83.7502,24
42.2901,-83.7501,23
42.2901,-83.75,16
42.2901,-83.7499,22
42.2901,-83.7498,26
42.2901,-83.7497,26
42.2901,-83.7496,61
42.2901,-83.7495,128
42.2901,-83.7494,27
42.2901,-83.749,4
42.2901,-83.7485,4
42.2901,-83.7483,4
42.2901,-83.7481,6
42.2901,-83.748,730
42.2901,-83.7479,1601
42.2901,-83.7478,14
42.2901,-83.7473,16
42.2901,-83.7472,43
42.2901,-83.7471,12769
42.2901,-83.747,28527
42.2901,-83.7469,2036
42.2901,-83.7457,8
42.2901,-83.7452,2
42.2901,-83.7422,5
42.2902,-83.7527,1
42.2902,-83.7526,3030
42.2902,-83.7525,42
42.2902,-83.751,907
42.2902,-83.7509,4
42.2902,-83.7506,4
42.2902,-83.7495,38
42.2902,-83.7494,44
42.2902,-83.7493,27
42.2902,-83.748,15
42.2902,-83.7479,877
42.2902,-83.7478,1412
42.2902,-83.7477,6
42.2902,-83.7473,6
42.2902,-83.7472,24
42.2902,-83.7471,13133
42.2902,-83.747,23447
42.2902,-83.7469,787
42.2902,-83.7454,4
42.2902,-83.7452,2
42.2902,-83.7443,1
42.2902,-83.744,2
42.2902,-83.7428,4
42.2903,-83.7527,7
42.2903,-83.7526,2721
42.2903,-83.7525,41
42.2903,-83.7517,6
42.2903,-83.7512,4
42.2903,-83.7511,4
42.2903,-83.751,825
42.2903,-83.7506,8
42.2903,-83.7502,2
42.2903,-83.7495,2
42.2903,-83.7493,24
42.2903,-83.7492,39
42.2903,-83.748,2
42.2903,-83.7479,15
42.2903,-83.7478,1302
42.2903,-83.7477,1140
42.2903,-83.7473,5
42.2903,-83.7471,16246
42.2903,-83.747,17155
42.2903,-83.7469,323
42.2903,-83.7463,2
42.2903,-83.7453,2
42.2903,-83.7433,2
42.2903,-83.7416,1
42.2904,-83.7527,21
42.2904,-83.7526,2890
42.2904,-83.7525,44
42.2904,-83.7517,4
42.2904,-83.7511,1
42.2904,-83.751,901
42.2904,-83.7492,37
42.2904,-83.7491,18
42.2904,-83.7481,4
42.2904,-83.7479,9
42.2904,-83.7478,35
42.2904,-83.7477,2506
42.2904,-83.7476,375
42.2904,-83.7473,5
42.2904,-83.7471,19717
42.2904,-83.747,15954
42.2904,-83.7469,199
42.2904,-83.7468,2
42.2904,-83.7467,4
42.2904,-83.7455,2
42.2904,-83.7454,2
42.2904,-83.7433,2
42.2904,-83.742,1
42.2905,-83.7527,14
42.2905,-83.7526,2915
42.2905,-83.7525,24
42.2905,-83.7515,4
42.2905,-83.7512,4
42.2905,-83.7511,8
42.2905,-83.751,879
42.2905,-83.7507,4
42.2905,-83.7505,4
42.2905,-83.7491,50
42.2905,-83.7479,2
42.2905,-83.7478,34
42.2905,-83.7477,2434
42.2905,-83.7476,726
42.2905,-83.7473,5
42.2905,-83.7472,5
42.2905,-83.7471,19781
42.2905,-83.747,15093
42.2905,-83.7469,136
42.2905,-83.7459,6
42.2905,-83.7452,2
42.2906,-83.7527,25
42.2906,-83.7526,3224
42.2906,-83.7525,9
42.2906,-83.7511,9
42.2906,-83.751,957
42.2906,-83.7492,2
42.2906,-83.7491,56
42.2906,-83.748,11
42.2906,-83.7479,441
42.2906,-83.7478,2118
42.2906,-83.7477,1434
42.2906,-83.7476,6
42.2906,-83.7474,2
42.2906,-83.7473,11
42.2906,-83.7472,12
42.2906,-83.7471,22450
42.2906,-83.747,15158
42.2906,-83.7469,85
42.2906,-83.7443,4
42.2907,-83.7527,28
42.2907,-83.7526,2853
42.2907,-83.7525,8
42.2907,-83.7514,2
42.2907,-83.7511,50
42.2907,-83.751,806
42.2907,-83.7494,2
42.2907,-83.7492,53
42.2907,-83.7491,5
42.2907,-83.7482,4
42.2907,-83.7481,97
42.2907,-83.748,1391
42.2907,-83.7479,1609
42.2907,-83.7478,188
42.2907,-83.7474,5
42.2907,-83.7473,6
42.2907,-83.7472,40
42.2907,-83.7471,20430
42.2907,-83.747,12224
42.2907,-83.7469,88
42.2907,-83.7458,2
42.2907,-83.7457,4
42.2907,-83.7445,4
42.2907,-83.7421,2
42.2907,-83.7417,4
42.2908,-83.7527,34
42.2908,-83.7526,2599
42.2908,-83.7525,8
42.2908,-83.7511,87
42.2908,-83.751,698
42.2908,-83.7505,2
42.2908,-83.7494,1
42.2908,-83.7493,38
42.2908,-83.7492,26
42.2908,-83.7484,2
42.2908,-83.7483,22
42.2908,-83.7482,732
42.2908,-83.7481,1420
42.2908,-83.748,628
42.2908,-83.7474,5
42.2908,-83.7473,5
42.2908,-83.7472,62
42.2908,-83.7471,20276
42.2908,-83.747,10218
42.2908,-83.7469,69
42.2908,-83.7441,2
42.2908,-83.7419,2
42.2909,-83.7527,59
42.2909,-83.7526,2783
42.2909,-83.7511,103
42.2909,-83.751,731
42.2909,-83.7495,22
42.2909,-83.7494,54
42.2909,-83.7493,17
42.2909,-83.7485,9
42.2909,-83.7484,225
42.2909,-83.7483,1614
42.2909,-83.7482,1030
42.2909,-83.7481,4
42.2909,-83.7478,2
42.2909,-83.7474,4
42.2909,-83.7473,5
42.2909,-83.7472,131
42.2909,-83.7471,22389
42.2909,-83.747,9900
42.2909,-83.7469,65
42.2909,-83.7468,2
42.2909,-83.7462,1
42.2909,-83.7453,2
42.2909,-83.7432,2
42.2909,-83.7425,4
42.291,-83.7527,107
42.291,-83.7526,3052
42.291,-83.7523,2
42.291,-83.7515,2
42.291,-83.7511,146
42.291,-83.751,745
42.291,-83.7505,2
42.291,-83.7498,2
42.291,-83.7497,5
42.291,-83.7496,22
42.291,-83.7495,12
42.291,-83.7486,118
42.291,-83.7485,1320
42.291,-83.7484,1467
42.291,-83.7483,211
42.291,-83.7476,4
42.291,-83.7474,6
42.291,-83.7473,6
42.291,-83.7472,515
42.291,-83.7471,26013
42.291,-83.747,10060
42.291,-83.7469,50
42.291,-83.7455,2
42.291,-83.7454,2
42.291,-83.7451,2
42.291,-83.745,2
42.291,-83.7442,3
42.291,-83.7441,2
42.291,-83.742,2
42.2911,-83.7527,190
42.2911,-83.7526,2607
42.2911,-83.7511,179
42.2911,-83.751,626
42.2911,-83.7502,2
42.2911,-83.7498,15
42.2911,-83.7497,17
42.2911,-83.7496,1
42.2911,-83.7488,10
42.2911,-83.7487,722
42.2911,-83.7486,1656
42.2911,-83.7485,351
42.2911,-83.7474,5
42.2911,-83.7473,6
42.2911,-83.7472,1517
42.2911,-83.7471,22563
42.2911,-83.747,8146
42.2911,-83.7469,35
42.2911,-83.7466,4
42.2911,-83.7464,2
42.2911,-83.7456,2
42.2911,-83.7455,2
42.2912,-83.7527,269
42.2912,-83.7526,2533
42.2912,-83.7524,1
42.2912,-83.7523,1
42.2912,-83.7511,201
42.2912,-83.751,592
42.2912,-83.7509,2
42.2912,-83.75,4
42.2912,-83.7499,31
42.2912,-83.7498,6
42.2912,-83.749,2
42.2912,-83.7489,256
42.2912,-83.7488,1528
42.2912,-83.7487,896
42.2912,-83.748,4
42.2912,-83.7474,5
42.2912,-83.7473,5
42.2912,-83.7472,3048
42.2912,-83.7471,21827
42.2912,-83.747,6462
42.2912,-83.7469,25
42.2912,-83.7467,4
42.2912,-83.7455,4
42.2912,-83.745,3
42.2912,-83.7434,2
42.2912,-83.7429,2
42.2912,-83.7423,2
42.2912,-83.742,8
42.2913,-83.7527,156
42.2913,-83.7526,2173
42.2913,-83.7511,195
42.2913,-83.751,559
42.2913,-83.7501,31
42.2913,-83.75,28
42.2913,-83.7491,13
42.2913,-83.749,901
42.2913,-83.7489,1435
42.2913,-83.7488,57
42.2913,-83.7474,4
42.2913,-83.7473,5
42.2913,-83.7472,3946
42.2913,-83.7471,19999
42.2913,-83.747,4008
42.2913,-83.7469,17
42.2913,-83.7463,2
42.2913,-83.7461,7
42.2913,-83.7456,6
42.2913,-83.7432,2
42.2913,-83.7427,2
42.2913,-83.7424,4
42.2914,-83.7526,413
42.2914,-83.7519,2
42.2914,-83.7517,6
42.2914,-83.7511,289
42.2914,-83.751,512
42.2914,-83.7509,40
42.2914,-83.7508,47
42.2914,-83.7507,34
42.2914,-83.7506,22
42.2914,-83.7505,19
42.2914,-83.7504,20
42.2914,-83.7503,33
42.2914,-83.7502,32
42.2914,-83.7501,6
42.2914,-83.7493,4
42.2914,-83.7492,634
42.2914,-83.7491,1304
42.2914,-83.749,654
42.2914,-83.7474,5
42.2914,-83.7473,5
42.2914,-83.7472,4977
42.2914,-83.7471,22590
42.2914,-83.747,2425
42.2914,-83.7469,7
42.2914,-83.7461,2
42.2914,-83.7452,2
42.2914,-83.7451,2
42.2914,-83.7442,2
42.2914,-83.7435,2
42.2914,-83.7433,2
42.2915,-83.7513,2
42.2915,-83.7511,385
42.2915,-83.751,405
42.2915,-83.7507,7
42.2915,-83.7506,11
42.2915,-83.7505,10
42.2915,-83.7504,12
42.2915,-83.7501,3
42.2915,-83.7498,2
42.2915,-83.7495,1
42.2915,-83.7494,163
42.2915,-83.7493,1428
42.2915,-83.7492,1027
42.2915,-83.7474,5
42.2915,-83.7473,5
42.2915,-83.7472,6273
42.2915,-83.7471,23429
42.2915,-83.747,1001
42.2915,-83.7469,5
42.2915,-83.7466,2
42.2915,-83.7461,2
42.2915,-83.7457,4
42.2915,-83.7445,4
42.2915,-83.744,2
42.2915,-83.7428,2
42.2916,-83.7512,6
42.2916,-83.7511,542
42.2916,-83.751,346
42.2916,-83.7509,2
42.2916,-83.7502,2
42.2916,-83.7496,113
42.2916,-83.7495,1335
42.2916,-83.7494,1374
42.2916,-83.7493,123
42.2916,-83.7474,5
42.2916,-83.7473,6
42.2916,-83.7472,9360
42.2916,-83.7471,23175
42.2916,-83.747,452
42.2916,-83.7469,6
42.2916,-83.7467,4
42.2916,-83.7461,2
42.2916,-83.7455,2
42.2916,-83.7449,2
42.2916,-83.7435,4
42.2916,-83.743,2
42.2917,-83.7511,529
42.2917,-83.751,235
42.2917,-83.7498,10
42.2917,-83.7497,729
42.2917,-83.7496,1554
42.2917,-83.7495,215
42.2917,-83.748,2
42.2917,-83.7477,4
42.2917,-83.7475,4
42.2917,-83.7473,17
42.2917,-83.7472,10920
42.2917,-83.7471,15869
42.2917,-83.747,257
42.2917,-83.7469,1
42.2917,-83.7454,2
42.2917,-83.7452,2
42.2917,-83.7437,2
42.2917,-83.743,4
42.2918,-83.7519,2
42.2918,-83.7511,626
42.2918,-83.751,200
42.2918,-83.75,1
42.2918,-83.7499,431
42.2918,-83.7498,1532
42.2918,-83.7497,849
42.2918,-83.7496,1
42.2918,-83.7475,6
42.2918,-83.7473,36
42.2918,-83.7472,14681
42.2918,-83.7471,14934
42.2918,-83.747,246
42.2918,-83.7468,2
42.2918,-83.7452,2
42.2918,-83.7451,4
42.2918,-83.7442,2
42.2918,-83.744,2
42.2918,-83.7434,1
42.2918,-83.7431,2
42.2919,-83.7511,692
42.2919,-83.751,159
42.2919,-83.7501,156
42.2919,-83.75,1191
42.2919,-83.7499,1265
42.2919,-83.7498,40
42.2919,-83.7475,4
42.2919,-83.7473,62
42.2919,-83.7472,15454
42.2919,-83.7471,13766
42.2919,-83.747,187
42.2919,-83.7461,2
42.2919,-83.7443,4
42.2919,-83.7441,4
42.292,-83.7517,4
42.292,-83.7516,2
42.292,-83.7511,849
42.292,-83.751,143
42.292,-83.7503,37
42.292,-83.7502,1085
42.292,-83.7501,1536
42.292,-83.75,141
42.292,-83.7483,4
42.292,-83.7475,6
42.292,-83.7473,236
42.292,-83.7472,17546
42.292,-83.7471,14848
42.292,-83.747,854
42.292,-83.7468,2
42.292,-83.7466,2
42.292,-83.7452,2
42.2921,-83.7511,821
42.2921,-83.751,113
42.2921,-83.7505,3
42.2921,-83.7504,592
42.2921,-83.7503,1501
42.2921,-83.7502,451
42.2921,-83.748,2
42.2921,-83.7475,4
42.2921,-83.7473,753
42.2921,-83.7472,15677
42.2921,-83.7471,12224
42.2921,-83.747,162
42.2921,-83.7469,4
42.2921,-83.7467,2
42.2921,-83.7457,1
42.2921,-83.7453,2
42.2921,-83.7452,2
42.2922,-83.7511,860
42.2922,-83.751,103
42.2922,-83.7506,122
42.2922,-83.7505,1199
42.2922,-83.7504,1055
42.2922,-83.7503,1
42.2922,-83.7475,4
42.2922,-83.7473,1527
42.2922,-83.7472,15065
42.2922,-83.7471,10375
42.2922,-83.747,110
42.2922,-83.7469,19
42.2923,-83.7513,4
42.2923,-83.7512,3
42.2923,-83.7511,1041
42.2923,-83.751,176
42.2923,-83.7508,33
42.2923,-83.7507,857
42.2923,-83.7506,1409
42.2923,-83.7505,331
42.2923,-83.7493,2
42.2923,-83.7489,2
42.2923,-83.7483,6
42.2923,-83.7475,5
42.2923,-83.7473,2335
42.2923,-83.7472,15795
42.2923,-83.7471,10791
42.2923,-83.747,79
42.2923,-83.7469,89
42.2923,-83.7467,2
42.2923,-83.7465,4
42.2923,-83.7463,4
42.2923,-83.7457,2
42.2924,-83.7511,1401
42.2924,-83.751,305
42.2924,-83.7509,631
42.2924,-83.7508,1620
42.2924,-83.7507,698
42.2924,-83.7506,1
42.2924,-83.7502,4
42.2924,-83.7493,4
42.2924,-83.7485,2
42.2924,-83.7475,4
42.2924,-83.7473,2250
42.2924,-83.7472,17375
42.2924,-83.7471,12302
42.2924,-83.747,788
42.2924,-83.7469,129
42.2924,-83.7467,2
42.2924,-83.7457,3
42.2924,-83.7451,4
42.2924,-83.745,3
42.2924,-83.7449,2
42.2925,-83.7512,8
42.2925,-83.7511,1854
42.2925,-83.751,1465
42.2925,-83.7509,696
42.2925,-83.7508,7
42.2925,-83.749,1
42.2925,-83.7476,8
42.2925,-83.7475,5
42.2925,-83.7473,897
42.2925,-83.7472,15935
42.2925,-83.7471,11496
42.2925,-83.747,36
42.2925,-83.7469,116
42.2925,-83.7468,7
42.2925,-83.7466,2
42.2926,-83.7512,1021
42.2926,-83.7511,1620
42.2926,-83.751,46
42.2926,-83.75,2
42.2926,-83.7499,2
42.2926,-83.7496,2
42.2926,-83.7482,2
42.2926,-83.7475,4
42.2926,-83.7473,176
42.2926,-83.7472,14876
42.2926,-83.7471,12997
42.2926,-83.747,44
42.2926,-83.7469,95
42.2926,-83.7468,27
42.2926,-83.7442,2
42.2927,-83.7481,2
42.2927,-83.7475,4
42.2927,-83.7473,45
42.2927,-83.7472,12774
42.2927,-83.7471,12860
42.2927,-83.747,97
42.2927,-83.7469,23
42.2927,-83.7468,83
42.2928,-83.7498,2
42.2928,-83.7477,4
42.2928,-83.7475,4
42.2928,-83.7474,1
42.2928,-83.7473,20
42.2928,-83.7472,10812
42.2928,-83.7471,20631
42.2928,-83.747,344
42.2928,-83.7469,20
42.2928,-83.7468,112
42.2928,-83.7467,2
42.2928,-83.7458,2
42.2928,-83.7451,2
42.2928,-83.7448,4
42.2929,-83.75,2
42.2929,-83.7474,4
42.2929,-83.7473,5
42.2929,-83.7472,4924
42.2929,-83.7471,17096
42.2929,-83.747,1915
42.2929,-83.7469,11
42.2929,-83.7468,74
42.2929,-83.7467,20
42.2929,-83.7457,2
42.2929,-83.7455,2
42.2929,-83.7446,6
42.2929,-83.7441,2
42.293,-83.7474,4
42.293,-83.7473,6
42.293,-83.7472,3605
42.293,-83.7471,18833
42.293,-83.747,7558
42.293,-83.7469,47
42.293,-83.7468,95
42.293,-83.746,2
42.293,-83.7453,4
42.293,-83.7451,2
42.2931,-83.7487,4
42.2931,-83.7486,4
42.2931,-83.7474,4
42.2931,-83.7473,5
42.2931,-83.7472,437
42.2931,-83.7471,15923
42.2931,-83.747,8406
42.2931,-83.7469,100
42.2931,-83.7468,12
42.2931,-83.7448,2
42.2932,-83.7474,5
42.2932,-83.7473,6
42.2932,-83.7472,41
42.2932,-83.7471,15632
42.2932,-83.747,10960
42.2932,-83.7469,125
42.2932,-83.745,2
42.2933,-83.7476,2
42.2933,-83.7474,4
42.2933,-83.7473,6
42.2933,-83.7472,14
42.2933,-83.7471,15196
42.2933,-83.747,13902
42.2933,-83.7469,225
42.2933,-83.7468,6
42.2933,-83.7458,2
42.2933,-83.7453,2
42.2934,-83.7484,4
42.2934,-83.7473,6
42.2934,-83.7472,4
42.2934,-83.7471,10724
42.2934,-83.747,15416
42.2934,-83.7469,1468
42.2934,-83.7468,6
42.2934,-83.7465,2
42.2935,-83.7486,4
42.2935,-83.7478,2
42.2935,-83.7476,4
42.2935,-83.7473,5
42.2935,-83.7472,6
42.2935,-83.7471,6423
42.2935,-83.747,17052
42.2935,-83.7469,3042
42.2935,-83.7468,6
42.2935,-83.7466,2
42.2936,-83.7483,2
42.2936,-83.7475,4
42.2936,-83.7473,4
42.2936,-83.7472,4
42.2936,-83.7471,3759
42.2936,-83.747,11603
42.2936,-83.7469,5810
42.2936,-83.7468,10