DeviceID,TripID,EpochStartTime,StartDate,StartTime,EpochEndTime,EndDate,EndTime,TotalTripDistance,DistanceOver25MPH,DistanceOver55MPH,TripDuration,AverageSpeed,MaximumSpeed
2304,1376502,1365705937,4/11/13,14:45:37,1365705998,4/11/13,14:46:37,0.227748,0.177514,0,60.200028,3.783188,17.6
2304,1376503,1365722689,4/11/13,19:24:48,1365722811,4/11/13,19:26:50,2.066016,2.066016,0,122.099718,16.920727,18.72
2304,1376504,1365730193,4/11/13,21:29:53,1365730282,4/11/13,21:31:21,0.184016,0,0,88.299575,2.083996,9.48
2304,1376501,1365697587,4/11/13,12:26:26,1365697768,4/11/13,12:29:27,1.720892,1.235336,0,180.996055,9.507898,18.54
2304,1376504,1365730282,4/11/13,21:31:21,1365730295,4/11/13,21:31:34,0.02332,0,0,12.799986,1.821877,3.52
2304,1376501,1365697768,4/11/13,12:29:28,1365697794,4/11/13,12:29:53,0.077728,0,0,25.700009,3.024435,10.34
2304,1376504,1365730295,4/11/13,21:31:34,1365730299,4/11/13,21:31:38,0.013072,0,0,4.200001,3.11238,3.5
2304,1376501,1365697794,4/11/13,12:29:53,1365697804,4/11/13,12:30:04,0.09653,0,0,10.599868,9.106717,10.7
2304,1376502,1365705843,4/11/13,14:44:02,1365705845,4/11/13,14:44:05,0.021626,0.003414,0,2.100055,10.297826,11.56
2304,1376504,1365730299,4/11/13,21:31:38,1365730303,4/11/13,21:31:43,0.016524,0,0,4.199971,3.934313,5.22
2304,1376502,1365705845,4/11/13,14:44:05,1365705867,4/11/13,14:44:26,0.350808,0.350808,0,21.39987,16.392997,18.06
2304,1376504,1365730303,4/11/13,21:31:43,1365730329,4/11/13,21:32:08,0.213136,0.070656,0,25.700526,8.29306,12.9
2304,1376502,1365705867,4/11/13,14:44:26,1365705871,4/11/13,14:44:30,0.073274,0.073274,0,4.199932,17.446473,17.42
2304,1376504,1365730329,4/11/13,21:32:09,1365730333,4/11/13,21:32:13,0.001234,0,0,4.199987,0.29381,1.26
2304,1376502,1365705871,4/11/13,14:44:30,1365705875,4/11/13,14:44:35,0.072706,0.072706,0,4.200021,17.310866,17.12
2304,1376504,1365730333,4/11/13,21:32:13,1365730338,4/11/13,21:32:17,0.00221,0,0,4.199952,0.526197,2.58
2304,1376502,1365705875,4/11/13,14:44:35,1365705884,4/11/13,14:44:43,0.148624,0.148624,0,8.500018,17.485139,17.52
2304,1376504,1365730338,4/11/13,21:32:17,1365731163,4/11/13,21:46:02,0.09464,0.003416,0,825.000196,0.114715,11.54
2304,1376502,1365705884,4/11/13,14:44:43,1365705888,4/11/13,14:44:48,0.073824,0.073824,0,4.200093,17.576754,17.56
2304,1376504,1365731163,4/11/13,21:46:02,1365731171,4/11/13,21:46:11,0.081522,0,0,8.499664,9.591203,10.5
2304,1376502,1365705888,4/11/13,14:44:48,1365705892,4/11/13,14:44:52,0.069222,0.069222,0,4.200021,16.481347,16.7
2304,1376504,1365731171,4/11/13,21:46:11,1365731606,4/11/13,21:53:26,0.081876,0,0,435.000842,0.18822,11.14
2304,1376502,1365705892,4/11/13,14:44:52,1365705897,4/11/13,14:44:56,0.068704,0.068704,0,4.199981,16.358169,16.76
2304,1376504,1365731206,4/11/13,21:46:45,1365731236,4/11/13,21:47:15,0.000092,0,0,29.999999,0.003067,0.04
2304,1376502,1365705897,4/11/13,14:44:56,1365705901,4/11/13,14:45:00,0.0719,0.0719,0,4.199934,17.119317,17.16
2304,1376504,1365730342,4/11/13,21:32:21,1365732067,4/11/13,22:01:07,0.391794,0.348924,0,1725.299789,0.227087,20.74
2304,1376502,1365705901,4/11/13,14:45:01,1365705905,4/11/13,14:45:05,0.07018,0.07018,0,4.199914,16.709866,16.58
2304,1376504,1365731266,4/11/13,21:47:45,1365732080,4/11/13,22:01:20,0.314066,0.26977,0,814.200329,0.385736,21.6
2304,1376506,1365735422,4/11/13,22:57:02,1365735426,4/11/13,22:57:06,0.078962,0.078962,0,4.199825,18.80126,18.68
2304,1376504,1365731279,4/11/13,21:47:58,1365732102,4/11/13,22:01:41,0.408468,0.40825,0,822.800259,0.496436,20.96
2304,1376502,1365705905,4/11/13,14:45:05,1365705910,4/11/13,14:45:09,0.073712,0.073712,0,4.199937,17.550739,17.6
2304,1376504,1365731296,4/11/13,21:48:16,1365731300,4/11/13,21:48:20,0.000008,0,0,4.199975,0.001905,0.02
2304,1376508,1365737812,4/11/13,23:36:52,1365737816,4/11/13,23:36:56,0.000018,0,0,4.200031,0.004286,0.02
2304,1376504,1365731619,4/11/13,21:53:39,1365732106,4/11/13,22:01:45,0.07375,0.073746,0,486.599378,0.151562,17.74
2304,1376506,1365735426,4/11/13,22:57:06,1365735431,4/11/13,22:57:10,0.080394,0.080394,0,4.199839,19.142163,19.02
2304,1376504,1365731300,4/11/13,21:48:20,1365731305,4/11/13,21:48:24,0.000004,0,0,4.199997,0.000952,0.02
2304,1376508,1365737816,4/11/13,23:36:56,1365737821,4/11/13,23:37:00,0.000026,0,0,4.199988,0.00619,0.02
2304,1376504,1365731305,4/11/13,21:48:24,1365732110,4/11/13,22:01:50,0.064272,0.06427,0,805.600235,0.079782,16.44
2304,1376508,1365737821,4/11/13,23:37:00,1365737825,4/11/13,23:37:04,0.000012,0,0,4.200044,0.002857,0.02
2304,1376504,1365731309,4/11/13,21:48:28,1365732119,4/11/13,22:01:58,0.072364,0.016692,0,809.900283,0.089349,12.64
2304,1376508,1365737825,4/11/13,23:37:04,1365737829,4/11/13,23:37:09,0.005558,0,0,4.200001,1.323333,3.16
2304,1376504,1365731313,4/11/13,21:48:33,1365732123,4/11/13,22:02:03,0.005986,0,0,809.900238,0.007391,3.34
2304,1376508,1365737829,4/11/13,23:37:09,1365737834,4/11/13,23:37:13,0.02175,0,0,4.200005,5.178565,7.66
2304,1376504,1365731318,4/11/13,21:48:37,1365732127,4/11/13,22:02:07,0.000036,0,0,809.900267,0.000044,0.04
2304,1376508,1365737834,4/11/13,23:37:13,1365737838,4/11/13,23:37:17,0.039376,0,0,4.200024,9.375185,10.74
2304,1376504,1365731322,4/11/13,21:48:41,1365732132,4/11/13,22:02:11,0.000026,0,0,809.90024,0.000032,0.04
2304,1376508,1365737838,4/11/13,23:37:17,1365737842,4/11/13,23:37:22,0.051744,0.045172,0,4.199956,12.320129,12.58
2304,1376504,1365731326,4/11/13,21:48:46,1365732136,4/11/13,22:02:16,0.004392,0,0,809.900219,0.005423,4.2
2304,1376508,1365737842,4/11/13,23:37:22,1365737846,4/11/13,23:37:26,0.056806,0.056806,0,4.200154,13.524742,14.58
2304,1376504,1365731330,4/11/13,21:48:50,1365732140,4/11/13,22:02:20,0.031098,0,0,809.900279,0.038397,9.28
2304,1376508,1365737847,4/11/13,23:37:26,1365737851,4/11/13,23:37:30,0.064716,0.064716,0,4.20001,15.408535,15.38
2304,1376502,1365705910,4/11/13,14:45:09,1365705914,4/11/13,14:45:13,0.076248,0.076248,0,4.199996,18.154303,18.14
2304,1376504,1365731335,4/11/13,21:48:54,1365732145,4/11/13,22:02:24,0.043538,0,0,809.900266,0.053757,10.58
2304,1376508,1365737851,4/11/13,23:37:30,1365737855,4/11/13,23:37:34,0.068312,0.068312,0,4.200016,16.2647,16.52
2304,1376504,1365731339,4/11/13,21:48:59,1365732149,4/11/13,22:02:28,0.032806,0,0,809.900277,0.040506,9.88
2304,1376502,1365705914,4/11/13,14:45:13,1365705918,4/11/13,14:45:18,0.079416,0.079416,0,4.199992,18.908608,18.68
2304,1376508,1365737855,4/11/13,23:37:35,1365737859,4/11/13,23:37:39,0.06973,0.06973,0,4.199452,16.604548,16.88
2304,1376506,1365735431,4/11/13,22:57:10,1365735435,4/11/13,22:57:14,0.081304,0.081304,0,4.20006,19.357819,19.06
2304,1376504,1365731343,4/11/13,21:49:03,1365732153,4/11/13,22:02:33,0.019036,0,0,809.900277,0.023504,6.04
2304,1376508,1365737859,4/11/13,23:37:39,1365737864,4/11/13,23:37:43,0.050524,0.031036,0,4.200691,12.027545,15.74
2304,1376504,1365730346,4/11/13,21:32:26,1365732158,4/11/13,22:02:37,0.083946,0.04269,0,1811.300121,0.046346,12.18
2304,1376508,1365737864,4/11/13,23:37:43,1365737868,4/11/13,23:37:47,0.029674,0,0,4.200078,7.065107,9.5
2304,1376504,1365731352,4/11/13,21:49:11,1365732162,4/11/13,22:02:41,0.03761,0,0,809.900159,0.046438,9.5
2304,1376508,1365737868,4/11/13,23:37:47,1365737872,4/11/13,23:37:52,0.00505,0,0,4.199937,1.202399,3.48
2304,1376504,1365730351,4/11/13,21:32:30,1365732166,4/11/13,22:02:46,0.101272,0.07689,0,1815.600087,0.055779,12.56
2304,1376508,1365737872,4/11/13,23:37:52,1365737877,4/11/13,23:37:56,0.000152,0,0,4.200071,0.03619,0.2
2304,1376504,1365731361,4/11/13,21:49:20,1365732170,4/11/13,22:02:50,0.055736,0.05567,0,809.899935,0.068818,14.04
2304,1376508,1365737877,4/11/13,23:37:56,1365737881,4/11/13,23:38:00,0.012412,0,0,4.199988,2.955247,6.36
2304,1376504,1365731365,4/11/13,21:49:24,1365732175,4/11/13,22:02:54,0.059372,0.059326,0,809.899928,0.073308,14.28
2304,1376508,1365737881,4/11/13,23:38:00,1365737885,4/11/13,23:38:05,0.036836,0,0,4.19999,8.770497,9.58
2304,1376504,1365730355,4/11/13,21:32:34,1365732179,4/11/13,22:02:59,0.094826,0.057208,0,1824.200152,0.051982,12.8
2304,1376508,1365737885,4/11/13,23:38:05,1365737889,4/11/13,23:38:09,0.044518,0.004554,0,4.200078,10.599327,11.56
2304,1376504,1365731373,4/11/13,21:49:33,1365731645,4/11/13,21:54:05,0.04023,0,0,271.600448,0.148122,10.96
2304,1376502,1365705918,4/11/13,14:45:18,1365705922,4/11/13,14:45:22,0.079106,0.079106,0,4.199839,18.835484,18.56
2304,1376504,1365732179,4/11/13,22:02:59,1365732183,4/11/13,22:03:03,0.000038,0,0,4.200024,0.009048,0.04
2304,1376508,1365737890,4/11/13,23:38:09,1365737894,4/11/13,23:38:13,0.056522,0.056522,0,4.199695,13.458596,13.92
2304,1376504,1365730359,4/11/13,21:32:39,1365732188,4/11/13,22:03:07,0.095388,0.051802,0,1828.500222,0.052167,13.9
2304,1376502,1365705923,4/11/13,14:45:22,1365705927,4/11/13,14:45:26,0.07683,0.07683,0,4.20001,18.292814,18.28
2304,1376504,1365731645,4/11/13,21:54:05,1365731649,4/11/13,21:54:09,0.000004,0,0,4.200001,0.000952,0.02
2304,1376506,1365735435,4/11/13,22:57:14,1365735439,4/11/13,22:57:19,0.081208,0.081208,0,4.200081,19.334866,18.98
2304,1376504,1365730459,4/11/13,21:34:18,1365730463,4/11/13,21:34:23,0.072662,0.072662,0,4.199994,17.300502,18.08
2304,1376508,1365737894,4/11/13,23:38:13,1365737898,4/11/13,23:38:17,0.058886,0.058886,0,4.200026,14.020389,14
2304,1376504,1365730363,4/11/13,21:32:43,1365732192,4/11/13,22:03:11,0.093106,0.062058,0,1828.500233,0.050919,14.76
2304,1376502,1365705927,4/11/13,14:45:26,1365705931,4/11/13,14:45:31,0.073726,0.073726,0,4.199858,17.554402,17.46
2304,1376504,1365730463,4/11/13,21:34:23,1365731391,4/11/13,21:49:50,0.127354,0.104218,0,927.400402,0.137324,19.48
2304,1376508,1365737898,4/11/13,23:38:18,1365737902,4/11/13,23:38:22,0.058714,0.058714,0,4.199655,13.980672,13.98
2304,1376504,1365730368,4/11/13,21:32:47,1365732201,4/11/13,22:03:20,0.13379,0.085034,0,1832.800239,0.072998,19.88
2304,1376508,1365737902,4/11/13,23:38:22,1365737907,4/11/13,23:38:26,0.054262,0.054262,0,4.199979,12.919588,13.78
2304,1376504,1365731395,4/11/13,21:49:54,1365732205,4/11/13,22:03:24,0.023548,0,0,809.899882,0.029075,5.66
2304,1376502,1365705931,4/11/13,14:45:31,1365705935,4/11/13,14:45:35,0.074556,0.074556,0,4.200022,17.751337,17.46
2304,1376504,1365730372,4/11/13,21:32:52,1365731658,4/11/13,21:54:17,0.002604,0,0,1285.900727,0.002025,2.26
2304,1376506,1365735439,4/11/13,22:57:19,1365735443,4/11/13,22:57:23,0.081776,0.081776,0,4.200115,19.469943,19.56
2304,1376504,1365730472,4/11/13,21:34:31,1365732209,4/11/13,22:03:29,0.102762,0.085382,0,1737.400245,0.059147,20.1
2304,1376508,1365737907,4/11/13,23:38:26,1365737911,4/11/13,23:38:30,0.045934,0.015992,0,4.199605,10.937695,11.66
2304,1376504,1365731404,4/11/13,21:50:03,1365732213,4/11/13,22:03:33,0.01458,0,0,809.899895,0.018002,4
2304,1376508,1365737911,4/11/13,23:38:30,1365737915,4/11/13,23:38:35,0.031154,0,0,4.199998,7.417622,9.14
2304,1376504,1365731408,4/11/13,21:50:07,1365732218,4/11/13,22:03:37,0.004644,0,0,809.899934,0.005734,1.82
2304,1376508,1365737915,4/11/13,23:38:35,1365737920,4/11/13,23:38:39,0.007124,0,0,4.200019,1.696183,4.4
2304,1376504,1365731412,4/11/13,21:50:12,1365732222,4/11/13,22:03:42,0.000576,0,0,809.899953,0.000711,0.72
2304,1376508,1365737920,4/11/13,23:38:39,1365737924,4/11/13,23:38:43,0.000024,0,0,4.199946,0.005714,0.02
2304,1376504,1365731416,4/11/13,21:50:16,1365732226,4/11/13,22:03:46,0.00853,0,0,809.899923,0.010532,2.48
2304,1376508,1365737924,4/11/13,23:38:43,1365737928,4/11/13,23:38:48,0.000012,0,0,4.199968,0.002857,0.02
2304,1376504,1365731421,4/11/13,21:50:20,1365732231,4/11/13,22:03:50,0.011988,0,0,809.899963,0.014802,4.78
2304,1376508,1365737928,4/11/13,23:38:48,1365737932,4/11/13,23:38:52,0.00001,0,0,4.199977,0.002381,0.02
2304,1376504,1365731425,4/11/13,21:50:25,1365732235,4/11/13,22:03:54,0.031386,0,0,809.899943,0.038753,8.68
2304,1376508,1365737933,4/11/13,23:38:52,1365737937,4/11/13,23:38:56,0.000014,0,0,4.200046,0.003333,0.02
2304,1376506,1365735444,4/11/13,22:57:23,1365735448,4/11/13,22:57:27,0.083512,0.083512,0,4.200022,19.883705,19.78
2304,1376504,1365731429,4/11/13,21:50:29,1365732239,4/11/13,22:03:59,0.043932,0.013046,0,809.899902,0.054244,12.42
2304,1376508,1365737937,4/11/13,23:38:56,1365737941,4/11/13,23:39:00,0.000032,0,0,4.19998,0.007619,0.02
2304,1376504,1365732239,4/11/13,22:03:59,1365732244,4/11/13,22:04:03,0.00002,0,0,4.200085,0.004762,0.02
2304,1376506,1365735448,4/11/13,22:57:27,1365735452,4/11/13,22:57:32,0.081202,0.081202,0,4.200225,19.332773,19.22
2304,1376504,1365731434,4/11/13,21:50:33,1365731438,4/11/13,21:50:37,0.059592,0.059592,0,4.200009,14.188541,14.46
2304,1376508,1365737941,4/11/13,23:39:01,1365737945,4/11/13,23:39:05,0.000016,0,0,4.199993,0.00381,0.02
2304,1376504,1365732244,4/11/13,22:04:03,1365732248,4/11/13,22:04:07,0.000102,0,0,4.199985,0.024286,0.12
2304,1376506,1365735452,4/11/13,22:57:32,1365735456,4/11/13,22:57:36,0.065436,0.065436,0,4.200013,15.579952,17.46
2304,1376504,1365731438,4/11/13,21:50:37,1365731442,4/11/13,21:50:42,0.063502,0.063502,0,4.199962,15.119661,15.16
2304,1376508,1365737945,4/11/13,23:39:05,1365737950,4/11/13,23:39:09,0.00001,0,0,4.200019,0.002381,0.02
2304,1376504,1365731442,4/11/13,21:50:42,1365732252,4/11/13,22:04:12,0.064496,0.064472,0,809.899948,0.079635,15.36
2304,1376508,1365737950,4/11/13,23:39:09,1365737955,4/11/13,23:39:14,0.000632,0,0,5.116444,0.123523,1.04
2304,1376504,1365731447,4/11/13,21:50:46,1365732256,4/11/13,22:04:16,0.054186,0.043546,0,809.899916,0.066905,14.42
2304,1376508,1365737955,4/11/13,23:39:14,1365737959,4/11/13,23:39:19,0.014004,0,0,4.199997,3.334288,5
2304,1376504,1365731451,4/11/13,21:50:50,1365732261,4/11/13,22:04:20,0.039574,0,0,809.899992,0.048863,9.98
2304,1376508,1365737959,4/11/13,23:39:19,1365737963,4/11/13,23:39:23,0.030324,0,0,4.199981,7.220032,8.74
2304,1376504,1365730476,4/11/13,21:34:36,1365732265,4/11/13,22:04:25,0.130554,0.11511,0,1789.000199,0.072976,19.48
2304,1376508,1365737964,4/11/13,23:39:23,1365737968,4/11/13,23:39:27,0.043342,0,0,4.200141,10.319177,11.14
2304,1376504,1365730376,4/11/13,21:32:56,1365731671,4/11/13,21:54:30,0.130828,0.109514,0,1294.50078,0.101064,16.44
2304,1376506,1365735456,4/11/13,22:57:36,1365735461,4/11/13,22:57:40,0.039984,0.01099,0,4.199958,9.520096,13.12
2304,1376504,1365732265,4/11/13,22:04:25,1365732269,4/11/13,22:04:29,0.000022,0,0,4.199992,0.005238,0.02
2304,1376508,1365737968,4/11/13,23:39:27,1365737972,4/11/13,23:39:32,0.051042,0.051042,0,4.199976,12.152926,12.36
2304,1376504,1365730381,4/11/13,21:33:00,1365732274,4/11/13,22:04:33,0.121128,0.06741,0,1893.000251,0.063987,16.14
2304,1376508,1365737972,4/11/13,23:39:32,1365737976,4/11/13,23:39:36,0.057434,0.057434,0,4.200217,13.674055,14.2
2304,1376504,1365730489,4/11/13,21:34:48,1365731679,4/11/13,21:54:39,0.031538,0,0,1190.50076,0.026491,5.92
2304,1376506,1365735461,4/11/13,22:57:40,1365735465,4/11/13,22:57:44,0.012534,0,0,4.200022,2.98427,5.56
2304,1376504,1365730385,4/11/13,21:33:04,1365732278,4/11/13,22:04:37,0.08131,0.0704,0,1893.000353,0.042953,16.6
2304,1376508,1365737976,4/11/13,23:39:36,1365737981,4/11/13,23:39:40,0.059034,0.059034,0,4.199963,14.055838,14.24
2304,1376504,1365730389,4/11/13,21:33:09,1365732282,4/11/13,22:04:42,0.065758,0.017036,0,1893.000319,0.034737,13.08
2304,1376506,1365735465,4/11/13,22:57:45,1365735469,4/11/13,22:57:49,0.000384,0,0,4.199163,0.091447,0.34
2304,1376504,1365730498,4/11/13,21:34:57,1365731477,4/11/13,21:51:16,0.072476,0.072442,0,979.000209,0.074031,17.06
2304,1376508,1365737981,4/11/13,23:39:40,1365737985,4/11/13,23:39:44,0.04698,0.022292,0,4.199714,11.186476,13.12
2304,1376504,1365730394,4/11/13,21:33:13,1365732287,4/11/13,22:04:46,0.157908,0.137082,0,1893.000322,0.083417,17.1
2304,1376506,1365735469,4/11/13,22:57:49,1365735474,4/11/13,22:57:53,0.003094,0,0,4.199956,0.736674,1.88
2304,1376504,1365732287,4/11/13,22:04:46,1365732291,4/11/13,22:04:50,0.07293,0.07293,0,4.199904,17.364683,17.46
2304,1376508,1365737985,4/11/13,23:39:45,1365737989,4/11/13,23:39:49,0.041636,0,0,4.200482,9.912196,10
2304,1376504,1365730398,4/11/13,21:33:17,1365731692,4/11/13,21:54:52,0.092586,0.069686,0,1294.500849,0.071523,16.66
2304,1376506,1365735474,4/11/13,22:57:53,1365735478,4/11/13,22:57:57,0.025226,0,0,4.200028,6.00615,8.6
2304,1376508,1365737989,4/11/13,23:39:49,1365737994,4/11/13,23:39:53,0.025956,0,0,4.199739,6.180384,9.26
2304,1376504,1365730402,4/11/13,21:33:22,1365732295,4/11/13,22:04:55,0.142348,0.142346,0,1893.000321,0.075197,17.68
2304,1376506,1365735478,4/11/13,22:57:57,1365735482,4/11/13,22:58:02,0.042372,0,0,4.199996,10.088581,10.52
2304,1376504,1365730510,4/11/13,21:35:10,1365731697,4/11/13,21:54:56,0.04156,0,0,1186.200919,0.035036,10.3
2304,1376508,1365737994,4/11/13,23:39:53,1365737998,4/11/13,23:39:57,0.002398,0,0,4.199777,0.570983,2.38
2304,1376504,1365730406,4/11/13,21:33:26,1365732299,4/11/13,22:04:59,0.13996,0.13995,0,1893.000229,0.073936,17.54
2304,1376506,1365735482,4/11/13,22:58:02,1365735486,4/11/13,22:58:06,0.052528,0.044918,0,4.200053,12.506509,13.58
2304,1376504,1365730515,4/11/13,21:35:14,1365730519,4/11/13,21:35:18,0.000002,0,0,4.199979,0.000476,0.02
2304,1376508,1365737998,4/11/13,23:39:57,1365738002,4/11/13,23:40:02,0.000066,0,0,4.200248,0.015713,0.06
2304,1376504,1365732300,4/11/13,22:04:59,1365732303,4/11/13,22:05:03,0.060938,0.060938,0,3.800014,16.036257,16.32
2304,1376506,1365735227,4/11/13,22:53:47,1365735228,4/11/13,22:53:47,0.003536,0,0,0.299992,11.786978,9.04
2304,1376504,1365730411,4/11/13,21:33:30,1365731701,4/11/13,21:55:00,0.118072,0.090326,0,1290.200856,0.091514,16.7
2304,1376506,1365735487,4/11/13,22:58:06,1365735491,4/11/13,22:58:10,0.061998,0.061998,0,4.199899,14.761784,15
2304,1376508,1365738002,4/11/13,23:40:02,1365738006,4/11/13,23:40:06,0.003156,0,0,4.20005,0.75142,1.32
2304,1376506,1365735228,4/11/13,22:53:47,1365735232,4/11/13,22:53:51,0.043938,0,0,4.200248,10.460811,10.76
2304,1376504,1365731498,4/11/13,21:51:38,1365731502,4/11/13,21:51:42,0.073236,0.073236,0,4.201549,17.430715,17.66
2304,1376506,1365735491,4/11/13,22:58:10,1365735495,4/11/13,22:58:15,0.067606,0.067606,0,4.200267,16.095644,16.32
2304,1376504,1365730415,4/11/13,21:33:35,1365731705,4/11/13,21:55:05,0.052222,0.052042,0,1290.200841,0.040476,12.6
2304,1376508,1365738007,4/11/13,23:40:06,1365738011,4/11/13,23:40:10,0.016652,0,0,4.19999,3.964771,6.56
2304,1376504,1365730519,4/11/13,21:35:19,1365731507,4/11/13,21:51:46,0.07695,0.07694,0,987.59992,0.077916,18.08
2304,1376506,1365735232,4/11/13,22:53:52,1365735499,4/11/13,22:58:19,0.120886,0.113208,0,267.300186,0.452248,16.94
2304,1376504,1365730419,4/11/13,21:33:39,1365730424,4/11/13,21:33:43,0.000096,0,0,4.199944,0.022857,0.06
2304,1376508,1365738011,4/11/13,23:40:10,1365738015,4/11/13,23:40:15,0.038306,0,0,4.199752,9.121015,9.74
2304,1376504,1365730523,4/11/13,21:35:23,1365730528,4/11/13,21:35:27,0.000006,0,0,4.199952,0.001429,0.02
2304,1376506,1365735236,4/11/13,22:53:56,1365735241,4/11/13,22:54:00,0.054876,0.054876,0,4.199785,13.066384,13.5
2304,1376504,1365731507,4/11/13,21:51:46,1365731511,4/11/13,21:51:50,0.073468,0.073468,0,4.199984,17.492448,17.9
2304,1376508,1365738015,4/11/13,23:40:15,1365738019,4/11/13,23:40:19,0.047114,0.022568,0,4.200022,11.21756,12.34
2304,1376506,1365735241,4/11/13,22:54:00,1365735245,4/11/13,22:54:04,0.059958,0.059958,0,4.200265,14.274814,14.14
2304,1376504,1365730424,4/11/13,21:33:43,1365730428,4/11/13,21:33:47,0.00075,0,0,4.200003,0.178571,0.36
2304,1376506,1365735499,4/11/13,22:58:19,1365735504,4/11/13,22:58:23,0.06326,0.06326,0,4.199954,15.06207,16.28
2304,1376504,1365730528,4/11/13,21:35:27,1365731710,4/11/13,21:55:09,0.126222,0.126218,0,1181.90071,0.106796,16.4
2304,1376506,1365735245,4/11/13,22:54:04,1365735249,4/11/13,22:54:09,0.060002,0.060002,0,4.199834,14.286756,14.12
2304,1376508,1365738019,4/11/13,23:40:19,1365738024,4/11/13,23:40:23,0.06134,0.06134,0,4.199977,14.604842,15.38
2304,1376504,1365730428,4/11/13,21:33:47,1365730432,4/11/13,21:33:52,0.002402,0,0,4.200052,0.571898,3
2304,1376506,1365735504,4/11/13,22:58:23,1365735508,4/11/13,22:58:27,0.06604,0.06604,0,4.20001,15.723772,16.28
2304,1376504,1365730532,4/11/13,21:35:31,1365731714,4/11/13,21:55:13,0.112998,0.10685,0,1181.90076,0.095607,15.9
2304,1376506,1365735249,4/11/13,22:54:09,1365735253,4/11/13,22:54:13,0.061592,0.061592,0,4.200266,14.663834,15.08
2304,1376508,1365738024,4/11/13,23:40:23,1365738028,4/11/13,23:40:27,0.065486,0.065486,0,4.200001,15.591901,15.68
2304,1376504,1365730432,4/11/13,21:33:52,1365730436,4/11/13,21:33:56,0.022976,0,0,4.199964,5.470523,7.02
2304,1376506,1365735508,4/11/13,22:58:28,1365735512,4/11/13,22:58:32,0.067802,0.067802,0,4.19974,16.144333,16.38
2304,1376504,1365731520,4/11/13,21:51:59,1365731718,4/11/13,21:55:18,0.072112,0.012806,0,198.500692,0.363283,11.98
2304,1376506,1365735254,4/11/13,22:54:13,1365735258,4/11/13,22:54:17,0.069306,0.069306,0,4.199705,16.502587,16.9
2304,1376504,1365730536,4/11/13,21:35:36,1365730540,4/11/13,21:35:40,0.001178,0,0,4.200044,0.280473,1.12
2304,1376508,1365738028,4/11/13,23:40:28,1365738032,4/11/13,23:40:32,0.064946,0.064946,0,4.199888,15.463746,15.68
2304,1376504,1365730437,4/11/13,21:33:56,1365730441,4/11/13,21:34:00,0.037018,0,0,4.199991,8.813828,9.26
2304,1376506,1365735512,4/11/13,22:58:32,1365735517,4/11/13,22:58:36,0.045508,0.02104,0,4.200014,10.835202,13.74
2304,1376504,1365730541,4/11/13,21:35:40,1365731722,4/11/13,21:55:22,0.077896,0.018406,0,1181.900541,0.065907,11.8
2304,1376506,1365735258,4/11/13,22:54:17,1365735262,4/11/13,22:54:22,0.073744,0.073744,0,4.200293,17.556871,17.34
2304,1376504,1365730441,4/11/13,21:34:00,1365730445,4/11/13,21:34:05,0.042382,0,0,4.199999,10.090955,10.78
2304,1376506,1365735262,4/11/13,22:54:22,1365735266,4/11/13,22:54:26,0.074628,0.074628,0,4.19998,17.768656,17.7
2304,1376504,1365730545,4/11/13,21:35:44,1365730549,4/11/13,21:35:49,0.03282,0,0,4.199989,7.814306,9.7
2304,1376508,1365738032,4/11/13,23:40:32,1365738037,4/11/13,23:40:36,0.065716,0.065716,0,4.199753,15.647586,15.7
2304,1376504,1365730445,4/11/13,21:34:05,1365731532,4/11/13,21:52:12,0.10397,0.087518,0,1087.30037,0.095622,13.2
2304,1376506,1365735266,4/11/13,22:54:26,1365735271,4/11/13,22:54:30,0.07647,0.07647,0,4.199938,18.207411,17.92
2304,1376508,1365738037,4/11/13,23:40:36,1365738041,4/11/13,23:40:40,0.064898,0.064898,0,4.199687,15.453056,16.22
2304,1376504,1365731533,4/11/13,21:52:12,1365731537,4/11/13,21:52:16,0.050458,0.050458,0,4.200097,12.013532,12.08
2304,1376506,1365735271,4/11/13,22:54:30,1365735275,4/11/13,22:54:34,0.068058,0.068058,0,4.200079,16.203981,17.5
2304,1376508,1365738041,4/11/13,23:40:40,1365738045,4/11/13,23:40:45,0.072646,0.072646,0,4.199972,17.296782,17.6
2304,1376504,1365731537,4/11/13,21:52:16,1365731541,4/11/13,21:52:21,0.046518,0.00675,0,4.200099,11.075453,11.32
2304,1376506,1365735275,4/11/13,22:54:35,1365735279,4/11/13,22:54:39,0.049376,0.030282,0,4.200305,11.755337,13.7
2304,1376504,1365731541,4/11/13,21:52:21,1365731727,4/11/13,21:55:26,0.069632,0.004666,0,185.60009,0.375172,11.88
2304,1376506,1365735279,4/11/13,22:54:39,1365735284,4/11/13,22:54:43,0.027888,0,0,4.200175,6.639724,8.98
2304,1376504,1365730449,4/11/13,21:34:09,1365731550,4/11/13,21:52:29,0.088852,0.062856,0,1100.200698,0.08076,15.44
2304,1376506,1365735284,4/11/13,22:54:43,1365735288,4/11/13,22:54:47,0.012866,0,0,4.199263,3.063871,4.52
2304,1376504,1365730454,4/11/13,21:34:13,1365731554,4/11/13,21:52:33,0.081742,0.066632,0,1100.200772,0.074297,15.68
2304,1376506,1365735288,4/11/13,22:54:47,1365735292,4/11/13,22:54:52,0.002516,0,0,4.199975,0.599051,1.96
2304,1376504,1365730549,4/11/13,21:35:49,1365731558,4/11/13,21:52:38,0.047634,0.016026,0,1009.100702,0.047204,11.6
2304,1376506,1365735292,4/11/13,22:54:52,1365735296,4/11/13,22:54:56,0.000028,0,0,4.199385,0.006668,0.04
2304,1376504,1365731558,4/11/13,21:52:38,1365731731,4/11/13,21:55:31,0.061288,0.061286,0,172.69989,0.354882,15.94
2304,1376506,1365735297,4/11/13,22:54:56,1365735301,4/11/13,22:55:00,0.000032,0,0,4.200007,0.007619,0.06
2304,1376504,1365730553,4/11/13,21:35:53,1365731735,4/11/13,21:55:35,0.127316,0.127312,0,1181.900517,0.107721,18.26
2304,1376506,1365735301,4/11/13,22:55:00,1365735305,4/11/13,22:55:05,0.000022,0,0,4.200179,0.005238,0.02
2304,1376504,1365731567,4/11/13,21:52:46,1365731740,4/11/13,21:55:39,0.079558,0.079552,0,172.699886,0.460672,18.84
2304,1376506,1365735305,4/11/13,22:55:05,1365735309,4/11/13,22:55:09,0.000062,0,0,4.199948,0.014762,0.06
2304,1376504,1365731571,4/11/13,21:52:51,1365731744,4/11/13,21:55:43,0.075268,0.075266,0,172.699362,0.435833,18.26
2304,1376506,1365735309,4/11/13,22:55:09,1365735314,4/11/13,22:55:13,0.000058,0,0,4.200073,0.013809,0.04
2304,1376504,1365731576,4/11/13,21:52:55,1365731580,4/11/13,21:52:59,0,0,0,4.199971,0,0
2304,1376506,1365735314,4/11/13,22:55:13,1365735318,4/11/13,22:55:17,0.00002,0,0,4.199967,0.004762,0.06
2304,1376504,1365731580,4/11/13,21:52:59,1365731584,4/11/13,21:53:04,0.000006,0,0,4.2,0.001429,0.02
2304,1376506,1365735318,4/11/13,22:55:18,1365735322,4/11/13,22:55:22,0.000026,0,0,4.19962,0.006191,0.04
2304,1376504,1365731584,4/11/13,21:53:04,1365731748,4/11/13,21:55:48,0.07077,0.07074,0,164.099337,0.431263,16.82
2304,1376506,1365735322,4/11/13,22:55:22,1365735327,4/11/13,22:55:26,0.000008,0,0,4.199972,0.001905,0.02
2304,1376504,1365731588,4/11/13,21:53:08,1365731593,4/11/13,21:53:12,0.000004,0,0,4.19999,0.000952,0.02
2304,1376506,1365735327,4/11/13,22:55:26,1365735331,4/11/13,22:55:30,0.000014,0,0,4.199968,0.003333,0.02
2304,1376504,1365731593,4/11/13,21:53:12,1365731597,4/11/13,21:53:16,0.000004,0,0,4.20001,0.000952,0.02
2304,1376506,1365735331,4/11/13,22:55:30,1365735335,4/11/13,22:55:35,0.000048,0,0,4.200039,0.011428,0.04
2304,1376504,1365731597,4/11/13,21:53:17,1365731753,4/11/13,21:55:52,0.06877,0.06877,0,155.499224,0.442253,16.2
2304,1376506,1365735335,4/11/13,22:55:35,1365735339,4/11/13,22:55:39,0.000054,0,0,4.200016,0.012857,0.04
2304,1376504,1365730558,4/11/13,21:35:57,1365730562,4/11/13,21:36:01,0.059578,0.059578,0,4.200042,14.185096,14.68
2304,1376506,1365735340,4/11/13,22:55:39,1365735344,4/11/13,22:55:43,0.000014,0,0,4.200006,0.003333,0.02
2304,1376504,1365731753,4/11/13,21:55:52,1365731757,4/11/13,21:55:56,0.066902,0.066902,0,4.200064,15.928805,15.84
2304,1376506,1365735344,4/11/13,22:55:43,1365735374,4/11/13,22:56:13,0.00027,0,0,30.000003,0.009,0.06
2304,1376504,1365731757,4/11/13,21:55:56,1365731761,4/11/13,21:56:01,0.071092,0.071092,0,4.199986,16.926723,17.04
2304,1376506,1365735374,4/11/13,22:56:13,1365735378,4/11/13,22:56:18,0.000026,0,0,4.200027,0.00619,0.04
2304,1376504,1365730562,4/11/13,21:36:02,1365730566,4/11/13,21:36:06,0.065464,0.065464,0,4.200005,15.586648,15.84
2304,1376506,1365735378,4/11/13,22:56:18,1365735382,4/11/13,22:56:22,0.00003,0,0,4.200001,0.007143,0.1
2304,1376504,1365730566,4/11/13,21:36:06,1365730571,4/11/13,21:36:10,0.07042,0.07042,0,4.199939,16.76691,16.8
2304,1376506,1365735383,4/11/13,22:56:22,1365735391,4/11/13,22:56:31,0.02109,0,0,8.500215,2.481114,6.44
2304,1376504,1365731761,4/11/13,21:56:01,1365731765,4/11/13,21:56:05,0.076104,0.076104,0,4.199887,18.120487,18.08
2304,1376506,1365735391,4/11/13,22:56:31,1365735521,4/11/13,22:58:40,0.100292,0.00337,0,129.699981,0.773261,11.3
2304,1376504,1365730571,4/11/13,21:36:10,1365730575,4/11/13,21:36:14,0.074532,0.074532,0,4.199998,17.745723,17.8
2304,1376506,1365735400,4/11/13,22:56:39,1365735408,4/11/13,22:56:48,0.110728,0.110728,0,8.500702,13.025748,14.44
2304,1376504,1365731766,4/11/13,21:56:05,1365731770,4/11/13,21:56:09,0.078654,0.078654,0,4.200009,18.727103,18.48
2304,1376506,1365735408,4/11/13,22:56:48,1365735413,4/11/13,22:56:52,0.06833,0.06833,0,4.199926,16.269335,17.4
2304,1376504,1365731770,4/11/13,21:56:09,1365731774,4/11/13,21:56:14,0.077258,0.077258,0,4.199997,18.394775,18.44
2304,1376506,1365735413,4/11/13,22:56:52,1365735525,4/11/13,22:58:45,0.15482,0.1539,0,112.499977,1.376178,18.24
2304,1376504,1365730575,4/11/13,21:36:14,1365731787,4/11/13,21:56:26,0.43304,0.416356,0,1211.999978,0.357294,19.7
2304,1376506,1365735525,4/11/13,22:58:45,1365735529,4/11/13,22:58:49,0.001802,0,0,4.199992,0.429048,0.84
2304,1376504,1365731787,4/11/13,21:56:27,1365731796,4/11/13,21:56:35,0.02448,0,0,8.500087,2.879971,7.32
2304,1376506,1365735530,4/11/13,22:58:49,1365735534,4/11/13,22:58:53,0.002354,0,0,4.199988,0.560478,1.02
2304,1376504,1365730588,4/11/13,21:36:27,1365731817,4/11/13,21:56:57,0.65667,0.625662,0,1229.200288,0.534225,20.22
2304,1376506,1365735534,4/11/13,22:58:53,1365735538,4/11/13,22:58:58,0.002958,0,0,4.200289,0.704237,2.88
2304,1376504,1365731817,4/11/13,21:56:57,1365731826,4/11/13,21:57:05,0.152334,0.152334,0,8.499662,17.92236,18.04
2304,1376506,1365735538,4/11/13,22:58:58,1365735560,4/11/13,22:59:19,0.049112,0,0,21.400026,2.29495,7.46
2304,1376504,1365730605,4/11/13,21:36:45,1365731830,4/11/13,21:57:09,0.150592,0.150592,0,1224.899938,0.122942,18.1
2304,1376506,1365735560,4/11/13,22:59:19,1365735564,4/11/13,22:59:23,0.000054,0,0,4.200016,0.012857,0.04
2304,1376504,1365730609,4/11/13,21:36:49,1365731843,4/11/13,21:57:22,0.443648,0.443648,0,1233.500098,0.359666,18.08
2304,1376506,1365735564,4/11/13,22:59:23,1365735568,4/11/13,22:59:28,0.000046,0,0,4.200002,0.010952,0.04
2304,1376504,1365730622,4/11/13,21:37:02,1365731847,4/11/13,21:57:27,0.14309,0.14309,0,1224.90023,0.116818,17.18
2304,1376506,1365735568,4/11/13,22:59:28,1365735572,4/11/13,22:59:32,0.00005,0,0,4.200031,0.011905,0.04
2304,1376504,1365730627,4/11/13,21:37:06,1365731856,4/11/13,21:57:35,0.219518,0.219518,0,1229.200243,0.178586,17.62
2304,1376506,1365735573,4/11/13,22:59:32,1365735577,4/11/13,22:59:36,0.000028,0,0,4.200651,0.006666,0.02
2304,1376504,1365730631,4/11/13,21:37:10,1365731899,4/11/13,21:58:18,0.825454,0.64368,0,1267.899999,0.65104,17.58
2304,1376506,1365735577,4/11/13,22:59:36,1365735581,4/11/13,22:59:41,0.000034,0,0,4.200167,0.008095,0.04
2304,1376504,1365730665,4/11/13,21:37:45,1365731903,4/11/13,21:58:23,0.056278,0.056258,0,1237.799728,0.045466,13.68
2304,1376506,1365735581,4/11/13,22:59:41,1365735585,4/11/13,22:59:45,0.000022,0,0,4.199698,0.005238,0.02
2304,1376504,1365730670,4/11/13,21:37:49,1365731972,4/11/13,21:59:31,0.05693,0.0565,0,1302.299716,0.043715,14.06
2304,1376506,1365735585,4/11/13,22:59:45,1365735590,4/11/13,22:59:49,0.000014,0,0,4.200057,0.003333,0.02
2304,1376504,1365730674,4/11/13,21:37:53,1365731980,4/11/13,21:59:40,0.142706,0.060228,0,1306.599892,0.109219,11.78
2304,1376506,1365735590,4/11/13,22:59:49,1365735872,4/11/13,23:04:31,0.51285,0.431682,0,282.100358,1.81797,17.26
2304,1376504,1365731981,4/11/13,21:59:40,1365732011,4/11/13,22:00:10,0.511756,0.486792,0,29.999868,17.058608,19.16
2304,1376506,1365735872,4/11/13,23:04:31,1365735876,4/11/13,23:04:36,0.068676,0.068676,0,4.200045,16.351254,16.1
2304,1376504,1365730682,4/11/13,21:38:02,1365732049,4/11/13,22:00:49,0.873634,0.760966,0,1366.799959,0.639182,19.8
2304,1376506,1365735876,4/11/13,23:04:36,1365735904,4/11/13,23:05:04,0.211976,0.103782,0,27.800038,7.625026,15.76
2304,1376508,1365737650,4/11/13,23:34:10,1365737661,4/11/13,23:34:20,0.135336,0.115116,0,10.699433,12.648894,14.58
2304,1376504,1365730986,4/11/13,21:43:05,1365730994,4/11/13,21:43:14,0.000088,0,0,8.499994,0.010353,0.04
2304,1376508,1365737661,4/11/13,23:34:20,1365737665,4/11/13,23:34:24,0.06505,0.06505,0,4.199876,15.488552,15.46
2304,1376504,1365730994,4/11/13,21:43:14,1365731054,4/11/13,21:44:14,0.739068,0.706558,0,60.100423,12.297218,20.58
2304,1376508,1365737665,4/11/13,23:34:25,1365737669,4/11/13,23:34:29,0.06457,0.06457,0,4.199864,15.374308,15.5
2304,1376504,1365731054,4/11/13,21:44:14,1365731059,4/11/13,21:44:18,0.079168,0.079168,0,4.200011,18.849475,20.3
2304,1376508,1365737669,4/11/13,23:34:29,1365737674,4/11/13,23:34:33,0.059062,0.059062,0,4.200039,14.062251,14.6
2304,1376504,1365731059,4/11/13,21:44:18,1365731076,4/11/13,21:44:35,0.0619,0.031626,0,17.099698,3.619947,15.88
2304,1376508,1365737674,4/11/13,23:34:33,1365737678,4/11/13,23:34:37,0.042222,0.014064,0,4.199724,10.053518,12.14
2304,1376504,1365731076,4/11/13,21:44:35,1365731102,4/11/13,21:45:01,0.0244,0,0,25.700024,0.949415,10.48
2304,1376508,1365737678,4/11/13,23:34:37,1365737682,4/11/13,23:34:42,0.014468,0,0,4.199982,3.444777,6.84
2304,1376504,1365731102,4/11/13,21:45:01,1365731115,4/11/13,21:45:14,0.21873,0.215468,0,12.799984,17.088303,19
2304,1376508,1365737682,4/11/13,23:34:42,1365737687,4/11/13,23:34:46,0.00009,0,0,4.199755,0.02143,0.38
2304,1376504,1365731115,4/11/13,21:45:14,1365731119,4/11/13,21:45:18,0.08174,0.08174,0,4.199766,19.462988,19.14
2304,1376508,1365737687,4/11/13,23:34:46,1365737691,4/11/13,23:34:50,0.000026,0,0,4.199947,0.006191,0.02
2304,1376504,1365731119,4/11/13,21:45:18,1365731145,4/11/13,21:45:44,0.488094,0.488094,0,25.700317,18.99175,19.84
2304,1376508,1365737691,4/11/13,23:34:50,1365737794,4/11/13,23:36:33,1.581308,1.512716,0,103.100037,15.337608,21.02
2304,1376504,1365731145,4/11/13,21:45:44,1365731153,4/11/13,21:45:53,0.142688,0.142688,0,8.500025,16.786774,18.62
2304,1376508,1365737794,4/11/13,23:36:34,1365737811,4/11/13,23:36:51,0.036938,0,0,17.09966,2.16016,10.08
2304,1376504,1365731153,4/11/13,21:45:53,1365731154,4/11/13,21:45:54,0.009824,0.009824,0,0.700004,14.034203,12.88